Workbook

Sheet Summary PO Permit
A1: Summary PO RT/RW (CLUSTER NAME)
A2: Permit | B2: 7650000
A3: (Permit + PPh 2.65%) | B3: =B2+(B2*2.65%) -> 7852725

Sheet BoQ NRO Cluster
A1: DISTRIBUSI - SUBFEEEDER | N1: AS PLAN
A2: BOQ GPON FTTH FOR OPTICAL DISTRIBUTION NETWORK (ODN) | N2: OLT Name
A3: PT. EKA MAS REPUBLIK ODN, OSP, Aktivasi, Instalasi, Integrasi, Testing & Dokumentasi | N3: Cluster
A4: PROJECT ROLL OUT 2024 | N4: Net Type | O4: Aerial
N5: HP
A6: No | B6: Description/Item | C6: Unit | D6: Material Qty | E6: Service Qty | F6: Material Price | G6: Service Price | H6: Total Material Price | I6: Total Service Price | J6: Total Price | M6: Koreksi No Material | N6: No Material | O6: Short Text/Description SAP | P6: Remarks | Q6: Service
A7: 1 | B7: Pengamanan & Persiapan
A8: 1.1 | B8: Pengamanan Perizinan dan K3 | C8: ls | E8: 1 | L8: =F8+G8 -> 0 | N8: 500004774 | O8: PENGAMANAN PERIZINAN DAN K3 (Cluster Only) | P8: Material | Q8: Vendor
A9: 1.2 | B9: Transportasi, Mobilisasi & demobilisasi | C9: ls | E9: 1 | H9: =D9*F9 -> 0 | K9: =D9+E9 -> 1 | L9: =F9+G9 -> 0 | N9: 500003890 | O9: TRANSPORTASI, MOBILISASI DAN DEMOBILISASI | P9: Material | Q9: Vendor
A10: Sub Total Preparation | H10: =SUM(H8:H8) -> 0 | I10: =SUM(I8:I8) -> 0 | J10: =H10+I10 -> 0
A12: 2 | B12: ODN, OSP, Aktivasi, Instalasi, termasuk ATP Civil Work, Integrasi, Testing & Dokumentasi
A13: 2.1 | B13: ODN
A14: A | B14: FO core type SM G.652.D-ADSS (Aerial dan Underground)
B15: FO core type SM G.652.D-ADSS 24 cores | C15: meter | D15: =SUM('BoM AE'!C16:C19) -> 0 | H15: =D15*F15 -> 0 | I15: =E15*G15 -> 0 | K15: =D15+E15 -> 0 | L15: =F15+G15 -> 0 | N15: 200000100 | O15: FO TYPE SM G.652.D-ADSS 24 CORES | P15: Material | Q15: Internal
B16: Instal FO core type SM G.652.D-ADSS 24 cores | C16: meter | E16: =D15 -> 0 | H16: =D16*F16 -> 0 | I16: =E16*G16 -> 0 | K16: =D16+E16 -> 0 | L16: =F16+G16 -> 0 | N16: 500002050 | O16: INSTAL FO TYPE SM G.652.D-ADSS 24 CORES | P16: Service | Q16: Vendor
B17: FO core type SM G.652.D-ADSS 36 cores | C17: meter | D17: =SUM('BoM AE'!C20:C23) -> 0 | H17: =D17*F17 -> 0 | I17: =E17*G17 -> 0 | K17: =D17+E17 -> 0 | L17: =F17+G17 -> 0 | N17: 200000975 | O17: FO TYPE SM G.652.D-ADSS 36 CORES | P17: Material | Q17: Internal
B18: Instal FO core type SM G.652.D-ADSS 36 cores | C18: meter | E18: =D17 -> 0 | H18: =D18*F18 -> 0 | I18: =E18*G18 -> 0 | K18: =D18+E18 -> 0 | L18: =F18+G18 -> 0 | N18: 500002051 | O18: INSTAL FO TYPE SM G.652.D-ADSS 36 CORES | P18: Service | Q18: Vendor
B19: FO core type SM G.652.D-ADSS 48 cores | C19: meter | D19: =E20 -> 0 | H19: =D19*F19 -> 0 | I19: =E19*G19 -> 0 | K19: =D19+E19 -> 0 | L19: =F19+G19 -> 0 | N19: 200001038 | O19: FO TYPE SM G.652.D-ADSS 48 CORES | P19: Material | Q19: Internal
B20: Instal FO core type SM G.652.D-ADSS 48 cores | C20: meter | E20: =SUM('BoM AE'!C24:C27) -> 0 | H20: =D20*F20 -> 0 | I20: =E20*G20 -> 0 | K20: =D20+E20 -> 0 | L20: =F20+G20 -> 0 | N20: 500002052 | O20: INSTAL FO TYPE SM G.652.D-ADSS 48 CORES | P20: Service | Q20: Vendor
B21: FO core type SM G.652.D-ADSS 72 cores | C21: meter | N21: 200001970 | O21: FO TYPE SM G.652.D-ADSS 72 CORES | P21: Material | Q21: Internal
B22: Instal FO core type SM G.652.D-ADSS 72 cores | C22: meter | N22: 500003410 | O22: INSTAL FO TYPE SM G.652.D-ADSS 72 CORES | P22: Service | Q22: Vendor
B23: FO core type SM G.652.D-ADSS 96 cores | C23: meter | N23: 200001630 | O23: FO TYPE SM G.652.D-ADSS 96 CORES | P23: Material | Q23: Internal
B24: Instal FO core type SM G.652.D-ADSS 96 cores | C24: meter | N24: 500002890 | O24: INSTAL FO TYPE SM G.652.D-ADSS 96 CORES | P24: Service | Q24: Vendor
B25: FO core type SM G.652.D-ADSS 144 cores | C25: meter | H25: =D25*F25 -> 0 | I25: =E25*G25 -> 0 | K25: =D25+E25 -> 0 | L25: =F25+G25 -> 0 | N25: 200001030 | O25: FO TYPE SM G.652.D-ADSS 144 CORES | P25: Material | Q25: Internal
B26: Instal FO core type SM G.652.D-ADSS 144 cores | C26: meter | H26: =D26*F26 -> 0 | I26: =E26*G26 -> 0 | K26: =D26+E26 -> 0 | L26: =F26+G26 -> 0 | N26: 500002088 | O26: INSTAL FO TYPE SM G.652.D-ADSS 144 CORES | P26: Service | Q26: Vendor
B27: FO core type SM G.652.D-ADSS 288 cores | C27: meter | H27: =D27*F27 -> 0 | I27: =E27*G27 -> 0 | K27: =D27+E27 -> 0 | L27: =F27+G27 -> 0 | N27: 200001015 | O27: FO TYPE SM G.652.D-ADSS 288 CORES | P27: Material | Q27: Internal
B28: Instal FO core type SM G.652.D-ADSS 288 cores | C28: meter | H28: =D28*F28 -> 0 | I28: =E28*G28 -> 0 | K28: =D28+E28 -> 0 | L28: =F28+G28 -> 0 | N28: 500002089 | O28: INSTAL FO TYPE SM G.652.D-ADSS 288 CORES | P28: Service | Q28: Vendor
B29: Round Cable 1C - 50 m | C29: set | N29: 200002668 | O29: ROUND CABLE 1C - 50 M | P29: Material
B30: Install Round Cable 1C - 50 m | C30: set | N30: 500004722 | O30: INSTALL ROUND CABLE 1C - 50 M | P30: Service
B31: Round Cable 1C - 100 m | C31: set | N31: 200002669 | O31: ROUND CABLE 1C - 100 M | P31: Material
B32: Install Round Cable 1C - 100 m | C32: set | N32: 500004723 | O32: INSTALL ROUND CABLE 1C - 100 M | P32: Service
B33: Round Cable 1C - 150 m | C33: set | N33: 200002670 | O33: ROUND CABLE 1C - 150 M | P33: Material
B34: Install Round Cable 1C - 150 m | C34: set | N34: 500004724 | O34: INSTALL ROUND CABLE 1C - 150 M | P34: Service
B35: Round Cable 1C - 200 m | C35: set | N35: 200002671 | O35: ROUND CABLE 1C - 200 M | P35: Material
B36: Install Round Cable 1C - 200 m | C36: set | N36: 500004725 | O36: INSTALL ROUND CABLE 1C - 200 M | P36: Service
B37: Round Cable 1C - 250 m | C37: set | N37: 200002713 | O37: ROUND CABLE 1C - 250 M | P37: Material
B38: Install Round Cable 1C - 250 m | C38: set | N38: 500004777 | O38: INSTALL ROUND CABLE 1C - 250 M | P38: Service
B39: Round Cable 1C - 300 m | C39: set | N39: 200002714 | O39: ROUND CABLE 1C - 300 M | P39: Material
B40: Install Round Cable 1C - 300 m | C40: set | N40: 500004778 | O40: INSTALL ROUND CABLE 1C - 300 M | P40: Service
A41: B | B41: Fiber Distribution Terminal (FDT) SC/APC c/w Box, matrix terminal, Patchtray, Pigtail, label & accessories include concrete base | H41: =D41*F41 -> 0 | I41: =E41*G41 -> 0 | K41: =D41+E41 -> 0 | L41: =F41+G41 -> 0
B42: 48 cores capacity pole mounted FDT | C42: set | D42: =E43 -> 0 | H42: =D42*F42 -> 0 | I42: =E42*G42 -> 0 | K42: =D42+E42 -> 0 | L42: =F42+G42 -> 0 | N42: 200001039 | O42: 48 CORES CAPACITY POLE MOUNTED FDT | P42: Material
B43: Instal 48 cores capacity pole mounted FDT | C43: set | E43: ='BoM AE'!C30 -> 0 | I43: =E43*G43 -> 0 | K43: =D43+E43 -> 0 | L43: =F43+G43 -> 0 | N43: 500002053 | O43: INSTAL 48 CORES CAPACITY POLE FDT | P43: Service
B44: 72 cores capacity pole mounted FDT | C44: set | D44: ='BoM AE'!C31 -> 0 | H44: =D44*F44 -> 0 | I44: =E44*G44 -> 0 | K44: =D44+E44 -> 0 | L44: =F44+G44 -> 0 | N44: 200001040 | O44: 72 CORES CAPACITY POLE MOUNTED FDT | P44: Material
B45: Instal 72 cores capacity pole mounted FDT | C45: set | E45: =D44 -> 0 | H45: =D45*F45 -> 0 | I45: =E45*G45 -> 0 | K45: =D45+E45 -> 0 | L45: =F45+G45 -> 0 | N45: 500002054 | O45: INSTAL 72 CORES CAPACITY POLE FDT | P45: Service
B46: 96 cores capacity pole mounted FDT | C46: set | D46: =E47 -> 0 | H46: =D46*F46 -> 0 | I46: =E46*G46 -> 0 | K46: =D46+E46 -> 0 | L46: =F46+G46 -> 0 | N46: 200001041 | O46: 96 CORES CAPACITY POLE MOUNTED FDT | P46: Material
B47: Instal 96 cores capacity pole mounted FDT | C47: set | E47: ='BoM AE'!E32 -> 0 | H47: =D47*F47 -> 0 | I47: =E47*G47 -> 0 | K47: =D47+E47 -> 0 | L47: =F47+G47 -> 0 | N47: 500002055 | O47: INSTAL 96 CORES CAPACITY POLE FDT | P47: Service
B48: 144 cores capacity ground mounted FDT | C48: set | D48: =E49 -> 0 | H48: =D48*F48 -> 0 | I48: =E48*G48 -> 0 | K48: =D48+E48 -> 0 | L48: =F48+G48 -> 0 | N48: 200001042 | O48: 144 CORES CAPACITY GROUND MOUNTED FDT | P48: Material
B49: Instal 144 cores capacity pole mounted FDT | C49: set | E49: ='BoM AE'!E33 -> 0 | H49: =D49*F49 -> 0 | I49: =E49*G49 -> 0 | K49: =D49+E49 -> 0 | L49: =F49+G49 -> 0 | N49: 500002062 | O49: INSTAL 144 CORES CAPACITY POLE FDT | P49: Service
B50: 288 cores capacity ground mounted FDT | C50: set | H50: =D50*F50 -> 0 | I50: =E50*G50 -> 0 | K50: =D50+E50 -> 0 | L50: =F50+G50 -> 0 | N50: 200001043 | O50: 288 CORES CAPACITY GROUND MOUNTED FDT | P50: Material
B51: Instal 288 cores capacity pole mounted FDT | C51: set | H51: =D51*F51 -> 0 | I51: =E51*G51 -> 0 | K51: =D51+E51 -> 0 | L51: =F51+G51 -> 0 | N51: 500002073 | O51: INSTAL 288 CORES CAPACITY POLE FDT | P51: Service
B52: 576 cores capacity ground mounted FDT | C52: set | H52: =D52*F52 -> 0 | I52: =E52*G52 -> 0 | K52: =D52+E52 -> 0 | L52: =F52+G52 -> 0 | N52: 200001044 | O52: 576 CORES CAPACITY GROUND MOUNTED FDT | P52: Material
B53: Instal 576 cores capacity pole mounted FDT | C53: set | H53: =D53*F53 -> 0 | I53: =E53*G53 -> 0 | K53: =D53+E53 -> 0 | L53: =F53+G53 -> 0 | N53: 500002084 | O53: INSTAL 576 CORES CAPACITY POLE FDT | P53: Service
B54: Hub Box (With Splitter 1:2 Even) | C54: unit | N54: 200002672 | O54: HUB BOX (WITH SPLITTER 1:2 EVEN) | P54: Material
B55: Install Hub Box (With Splitter 1:2 Even) | C55: unit | N55: 500004726 | O55: INSTALL HUB BOX (WITH SPLITTER 1:2 EVEN) | P55: Service
A56: C | B56: Optical Splitter (Bracket Mount Type, SC/APC) | H56: =D56*F56 -> 0 | I56: =E56*G56 -> 0 | K56: =D56+E56 -> 0 | L56: =F56+G56 -> 0
B57: Splitter 1:4 | C57: unit | H57: =D57*F57 -> 0 | I57: =E57*G57 -> 0 | K57: =D57+E57 -> 0 | L57: =F57+G57 -> 0 | N57: 100000191 | O57: OPTIC SPLITTER 1:4 WITH SC/APC PIGTAILS | P57: Material
B58: Splitter 1:8 (Modular) | C58: unit | H58: =D58*F58 -> 0 | I58: =E58*G58 -> 0 | K58: =D58+E58 -> 0 | L58: =F58+G58 -> 0 | N58: 100000826 | O58: SPLITTER 1:8 | P58: Material
A59: D | B59: Micro Splitter (PLC Type) | H59: =D59*F59 -> 0 | I59: =E59*G59 -> 0 | K59: =D59+E59 -> 0 | L59: =F59+G59 -> 0
B60: Micro Splitter 1:4 | C60: unit | H60: =D60*F60 -> 0 | I60: =E60*G60 -> 0 | K60: =D60+E60 -> 0 | L60: =F60+G60 -> 0 | N60: 200001045 | O60: MICRO SPLITTER PLC TYPE 1:4 | P60: Material
B61: Micro Splitter 1:8 | C61: unit | H61: =D61*F61 -> 0 | I61: =E61*G61 -> 0 | K61: =D61+E61 -> 0 | L61: =F61+G61 -> 0 | N61: 200001046 | O61: MICRO SPLITTER PLC TYPE 1:8 | P61: Material
A62: E | B62: Fiber Access Terminal (FAT) c/w adapter, pigtail SC/APC, label & accessories | H62: =D62*F62 -> 0 | I62: =E62*G62 -> 0 | K62: =D62+E62 -> 0 | L62: =F62+G62 -> 0
B63: Pole mounted outdoor type (16 ports type) | C63: unit | D63: ='BoM AE'!C35 -> 0 | H63: =D63*F63 -> 0 | I63: =E63*G63 -> 0 | K63: =D63+E63 -> 0 | L63: =F63+G63 -> 0 | N63: 200001047 | O63: FAT POLE MOUNTED TYPE (16 PORTS) | P63: Material
B64: Instal Pole mounted outdoor type (16 ports type) Pole | C64: unit | E64: =D63 -> 0 | H64: =D64*F64 -> 0 | I64: =E64*G64 -> 0 | K64: =D64+E64 -> 0 | L64: =F64+G64 -> 0 | M64: 500002142 | N64: 500002142 | O64: INSTAL FAT POLE MOUNTED TYPE (16 PORTS) | P64: Service
B65: Pedestal ground mounted type (16 ports type) | C65: unit | H65: =D65*F65 -> 0 | I65: =E65*G65 -> 0 | K65: =D65+E65 -> 0 | L65: =F65+G65 -> 0 | N65: 100000824 | O65: PEDESTAL MOUNTED TYPE (16 PORTS) | P65: Material
B66: Instal Ground mounted outdoor type (16 ports type) | C66: unit | E66: ='BoM AE'!E94 -> 0 | H66: =D66*F66 -> 0 | I66: =E66*G66 -> 0 | K66: =D66+E66 -> 0 | L66: =F66+G66 -> 0 | N66: 500002097 | O66: INSTAL FAT POLE MOUNTED TYPE (16 PORTS) | P66: Service
B67: Instalasi FAT Underground 8 Port | C67: unit | N67: 500004720 | O67: INSTALASI FAT UNDERGROUND 8 PORT | P67: Service
B68: Instalasi FAT Underground 16 Port | C68: unit | N68: 500004721 | O68: INSTALASI FAT UNDERGROUND 16 PORT | P68: Service
B69: Sub Box (With Splitter 1:9, Uneven 70/30) | C69: unit | N69: 200002673 | O69: SUB BOX (WITH SPLITTER 1:9, UNEVEN 70/30 | P69: Material
B70: Install Sub Box (With Splitter 1:9, Uneven) | C70: unit | N70: 500004727 | O70: INSTALL SUB BOX (WITHSPLITTER1:9,UNEVEN) | P70: Service
B71: End Box (With Splitter 1:8, Even) | C71: unit | N71: 200002674 | O71: END BOX (WITH SPLITTER 1:8, EVEN) | P71: Material
B72: Install End Box (With Splitter 1:8, Even) | C72: unit | N72: 500004728 | O72: INSTALL END BOX (WITH SPLITTER 1:8, EVEN | P72: Service
A73: F | B73: Underground Pedestal SPH920 Signature Series Type include accessories & concrete base | C73: unit | H73: =D73*F73 -> 0 | I73: =E73*G73 -> 0 | K73: =D73+E73 -> 0 | L73: =F73+G73 -> 0 | N73: 200000165 | O73: PEDESTAL | P73: Material
B74: Instal Underground Pedestal SPH920 Signature Series Type include accessories & concrete base | C74: unit | H74: =D74*F74 -> 0 | I74: =E74*G74 -> 0 | K74: =D74+E74 -> 0 | L74: =F74+G74 -> 0 | N74: 500002113 | O74: Instal PEDESTAL | P74: Service
A75: G | B75: Joint Closure | C75: unit | H75: =D75*F75 -> 0 | I75: =E75*G75 -> 0 | K75: =D75+E75 -> 0 | L75: =F75+G75 -> 0
B76: Fiber Optic Joint Closure Type In-line 24 Core | C76: unit | H76: =D76*F76 -> 0 | I76: =E76*G76 -> 0 | K76: =D76+E76 -> 0 | L76: =F76+G76 -> 0 | N76: 200000182 | O76: FO JOINT CLOSURE TYPE IN-LINE 24 CORE | P76: Material
B77: Fiber Optic Joint Closure Type In-line 36 Core | C77: unit | H77: =D77*F77 -> 0 | I77: =E77*G77 -> 0 | K77: =D77+E77 -> 0 | L77: =F77+G77 -> 0 | N77: 200001048 | O77: FO JOINT CLOSURE TYPE INLINE 36C | P77: Material
B78: Fiber Optic Joint Closure Type In-line 48 Core | C78: unit | H78: =D78*F78 -> 0 | I78: =E78*G78 -> 0 | K78: =D78+E78 -> 0 | L78: =F78+G78 -> 0 | N78: 200000159 | O78: FO JOINT CLOSURE TYPE IN-LINE 48 CORE | P78: Material
B79: Fiber Optic Joint Closure Type In-line 72 Core | C79: unit | H79: - | I79: - | N79: 200000174 | O79: FO JOINT CLOSURE TYPE IN-LINE 72 CORE
B80: Fiber Optic Joint Closure Type In-line 96 Core | C80: unit | H80: =D80*F80 -> 0 | I80: =E80*G80 -> 0 | K80: =D80+E80 -> 0 | L80: =F80+G80 -> 0 | N80: 200000179 | O80: FO JOINT CLOSURE TYPE IN-LINE 96 CORE | P80: Material
B81: Fiber Optic Joint Closure Type In-line 144 Core | C81: unit | H81: =D81*F81 -> 0 | I81: =E81*G81 -> 0 | K81: =D81+E81 -> 0 | L81: =F81+G81 -> 0 | N81: 200000186 | O81: FO JOINT CLOSURE TYPE IN-LINE 144 CORE | P81: Material
B82: Fiber Optic Joint Closure Type Inline 288 Core | C82: unit | H82: =D82*F82 -> 0 | I82: =E82*G82 -> 0 | K82: =D82+E82 -> 0 | L82: =F82+G82 -> 0 | N82: 200000155 | O82: FO JOINT CLOSURE TYPE IN-LINE 288 CORE | P82: Material
B83: Fiber Optic Joint Closure Type Dome 24 Core | C83: unit | H83: =D83*F83 -> 0 | I83: =E83*G83 -> 0 | K83: =D83+E83 -> 0 | L83: =F83+G83 -> 0 | N83: 200000180 | O83: FO JOINT CLOSURE TYPE DOME 24 CORE | P83: Material
B84: Fiber Optic Joint Closure Type Dome 36 Core | C84: unit | H84: =D84*F84 -> 0 | I84: =E84*G84 -> 0 | K84: =D84+E84 -> 0 | L84: =F84+G84 -> 0 | N84: 200001049 | O84: FO JOINT CLOSURE TYPE DOME 36C | P84: Material
B85: Fiber Optic Joint Closure Type Dome 48 Core | C85: unit | H85: =D85*F85 -> 0 | I85: =E85*G85 -> 0 | K85: =D85+E85 -> 0 | L85: =F85+G85 -> 0 | N85: 200000164 | O85: FO JOINT CLOSURE TYPE DOME 48 CORE | P85: Material
B86: Fiber Optic Joint Closure Type Dome 72 Core | C86: unit | H86: - | I86: - | N86: 200000178 | O86: FO JOINT CLOSURE TYPE DOME 72 CORE
B87: Fiber Optic Joint Closure Type Dome 96 Core | C87: unit | H87: =D87*F87 -> 0 | I87: =E87*G87 -> 0 | K87: =D87+E87 -> 0 | L87: =F87+G87 -> 0 | N87: 200000176 | O87: FO JOINT CLOSURE TYPE DOME 96 CORE | P87: Material
B88: Fiber Optic Joint Closure Type Dome 144 Core | C88: unit | N88: 200000158 | O88: FO JOINT CLOSURE TYPE DOME 144 CORE | P88: Material
B89: Fiber Optic Joint Closure Type Dome 288 Core | C89: unit | N89: 200000156 | O89: FO JOINT CLOSURE TYPE DOME 288 CORE | P89: Material
A90: H | B90: Pigtail SM SC/APC | C90: pcs | H90: =D90*F90 -> 0 | I90: =E90*G90 -> 0 | K90: =D90+E90 -> 0 | L90: =F90+G90 -> 0 | N90: 200002408 | O90: PIGTAIL - SC/APC SM 1.5M | P90: Material
A91: U | B91: Connector SC/APC | C91: pcs | H91: =D91*F91 -> 0 | I91: =E91*G91 -> 0 | K91: =D91+E91 -> 0 | L91: =F91+G91 -> 0 | N91: 200001009 | O91: CONNECTOR SC/APC | P91: Material
A92: J | B92: Splicing | C92: core | E92: ='BoM AE'!C73+'BoM AE'!C74 -> 0 | H92: =D92*F92 -> 0 | I92: =E92*G92 -> 0 | K92: =D92+E92 -> 0 | L92: =F92+G92 -> 0 | N92: 500000510 | O92: SPLICING FO | P92: Service
B93: Protector Sleeve | C93: pcs | H93: 0 | I93: 0 | K93: 0 | L93: 0 | N93: 200000232 | O93: Protector Sleeve | P93: Material | Q93: untuk HRB
A94: K | B94: Label Cable (on pole, in Handhole) | C94: pcs | D94: ='BoM AE'!C49 -> 0 | E94: =D94 -> 0 | H94: =D94*F94 -> 0 | I94: =E94*G94 -> 0 | K94: =D94+E94 -> 0 | L94: =F94+G94 -> 0 | N94: 200000290 | O94: LABEL KABEL | P94: Material
A95: L | B95: Label FDT | C95: pcs | D95: ='BoM AE'!C50 -> 0 | E95: =D95 -> 0 | H95: =D95*F95 -> 0 | I95: =E95*G95 -> 0 | K95: =D95+E95 -> 0 | L95: =F95+G95 -> 0 | N95: 200000273 | O95: LABEL FDT | P95: Material
A96: M | B96: Label FAT (include QR Code) | C96: pcs | D96: ='BoM AE'!C51 -> 0 | E96: =D96 -> 0 | H96: =D96*F96 -> 0 | I96: =E96*G96 -> 0 | K96: =D96+E96 -> 0 | L96: =F96+G96 -> 0 | N96: 200000288 | O96: LABEL FAT | P96: Material
A97: N | B97: Label Pole | C97: pcs | D97: ='BoM AE'!C52 -> 0 | E97: =D97 -> 0 | H97: =D97*F97 -> 0 | I97: =E97*G97 -> 0 | K97: =D97+E97 -> 0 | L97: =F97+G97 -> 0 | N97: 500001742 | O97: JASA PENGECETAN & LABEL TIANG BESERTA MA | P97: Material
A98: O | B98: Label Pedestal | C98: pcs | D98: ='BoM AE'!E93+'BoM AE'!E94 -> 0 | E98: =D98 -> 0 | H98: =D98*F98 -> 0 | I98: =E98*G98 -> 0 | K98: =D98+E98 -> 0 | L98: =F98+G98 -> 0 | N98: 200000802 | O98: LABEL PEDESTAL | P98: Material
A99: P | B99: Bridge and River crossing | C99: meter | H99: =D99*F99 -> 0 | I99: =E99*G99 -> 0 | K99: =D99+E99 -> 0 | L99: =F99+G99 -> 0
B100: River crossing by self support | C100: meter | H100: =D100*F100 -> 0 | I100: =E100*G100 -> 0 | K100: =D100+E100 -> 0 | L100: =F100+G100 -> 0 | N100: 200001028 | O100: RIVER CROSSING BY SELF SUPPORT | P100: Material
B101: River crossing by attach to existing bridge | C101: set | H101: =D101*F101 -> 0 | I101: =E101*G101 -> 0 | K101: =D101+E101 -> 0 | L101: =F101+G101 -> 0 | N101: 200001011 | O101: RIVER CROSSING BY ATTACH TO BRIDGE | P101: Material
...

Sheet BoQ NRO All Feeder
A1: DISTRIBUSI - SUBFEEEDER | N1: AS PLAN
A2: BOQ GPON FTTH FOR OPTICAL DISTRIBUTION NETWORK (ODN) | N2: OLT Name | O2: XXX
A3: PT. EKA MAS REPUBLIK ODN, OSP, Aktivasi, Instalasi, Integrasi, Testing & Dokumentasi | N3: Cluster | O3: XXX
A4: PROJECT ROLL OUT 2024 | N4: Net Type | O4: Aerial
N5: HP | O5: XXX
A6: No | B6: Description/Item | C6: Unit | D6: Material Qty | E6: Service Qty | F6: Material Price | G6: Service Price | H6: Total Material Price | I6: Total Service Price | J6: Total Price | M6: Koreksi No Material | N6: No Material | O6: Short Text/Description SAP | P6: Remarks | Q6: Service
A7: 1 | B7: Pengamanan & Persiapan
A8: 1.1 | B8: Pengamanan & Persiapan (Kesehatan dan Keselamatan Kerja) | C8: ls | E8: 1 | H8: =#REF!*F8 -> #REF! | K8: =#REF!+D8 -> #REF! | L8: =F8+G8 -> 0 | N8: 500003800 | O8: PENGAMANAN & PERSIAPAN | P8: Material | Q8: Vendor
A9: 1.2 | B9: Transportasi, Mobilisasi & demobilisasi | C9: ls | E9: 1 | H9: =D9*F9 -> 0 | K9: =D9+E9 -> 1 | L9: =F9+G9 -> 0 | N9: 500003890 | O9: TRANSPORTASI, MOBILISASI DAN DEMOBILISASI | P9: Material | Q9: Vendor
A10: Sub Total Preparation | H10: =SUM(H8:H8) -> #REF! | I10: =SUM(I8:I8) -> 0 | J10: =H10+I10 -> #REF!
A12: 2 | B12: ODN, OSP, Aktivasi, Instalasi, termasuk ATP Civil Work, Integrasi, Testing & Dokumentasi
A13: 2.1 | B13: ODN
A14: A | B14: FO core type SM G.652.D-ADSS (Aerial dan Underground)
B15: FO core type SM G.652.D-ADSS 24 cores | C15: meter | D15: =E16 -> 0 | H15: =D15*F15 -> 0 | I15: =E15*G15 -> 0 | K15: =D15+E15 -> 0 | L15: =F15+G15 -> 0 | N15: 200000100 | O15: FO TYPE SM G.652.D-ADSS 24 CORES | P15: Material | Q15: Internal
B16: Instal FO core type SM G.652.D-ADSS 24 cores | C16: meter | E16: =SUM('BoM AE'!O9) -> 0 | H16: =D16*F16 -> 0 | I16: =E16*G16 -> 0 | K16: =D16+E16 -> 0 | L16: =F16+G16 -> 0 | N16: 500002050 | O16: INSTAL FO TYPE SM G.652.D-ADSS 24 CORES | P16: Service | Q16: Vendor
B17: FO core type SM G.652.D-ADSS 36 cores | C17: meter | D17: =E18 -> 0 | H17: =D17*F17 -> 0 | I17: =E17*G17 -> 0 | K17: =D17+E17 -> 0 | L17: =F17+G17 -> 0 | N17: 200000975 | O17: FO TYPE SM G.652.D-ADSS 36 CORES | P17: Material | Q17: Internal
B18: Instal FO core type SM G.652.D-ADSS 36 cores | C18: meter | E18: =SUM('BoM AE'!O10) -> 0 | H18: =D18*F18 -> 0 | I18: =E18*G18 -> 0 | K18: =D18+E18 -> 0 | L18: =F18+G18 -> 0 | N18: 500002051 | O18: INSTAL FO TYPE SM G.652.D-ADSS 36 CORES | P18: Service | Q18: Vendor
B19: FO core type SM G.652.D-ADSS 48 cores | C19: meter | D19: =E20 -> 0 | H19: =D19*F19 -> 0 | I19: =E19*G19 -> 0 | K19: =D19+E19 -> 0 | L19: =F19+G19 -> 0 | N19: 200001038 | O19: FO TYPE SM G.652.D-ADSS 48 CORES | P19: Material | Q19: Internal
B20: Instal FO core type SM G.652.D-ADSS 48 cores | C20: meter | E20: =SUM('BoM AE'!O11) -> 0 | H20: =D20*F20 -> 0 | I20: =E20*G20 -> 0 | K20: =D20+E20 -> 0 | L20: =F20+G20 -> 0 | N20: 500002052 | O20: INSTAL FO TYPE SM G.652.D-ADSS 48 CORES | P20: Service | Q20: Vendor
B21: FO core type SM G.652.D-ADSS 72 cores | C21: meter | D21: =E22 -> 0 | N21: 200001970 | O21: FO TYPE SM G.652.D-ADSS 72 CORES | P21: Material | Q21: Internal
B22: Instal FO core type SM G.652.D-ADSS 72 cores | C22: meter | E22: =SUM('BoM AE'!O12) -> 0 | N22: 500003410 | O22: INSTAL FO TYPE SM G.652.D-ADSS 72 CORES | P22: Service | Q22: Vendor
B23: FO core type SM G.652.D-ADSS 96 cores | C23: meter | D23: =E24 -> 0 | N23: 200001630 | O23: FO TYPE SM G.652.D-ADSS 96 CORES | P23: Material | Q23: Internal
B24: Instal FO core type SM G.652.D-ADSS 96 cores | C24: meter | E24: =SUM('BoM AE'!O13) -> 0 | N24: 500002890 | O24: INSTAL FO TYPE SM G.652.D-ADSS 96 CORES | P24: Service | Q24: Vendor
B25: FO core type SM G.652.D-ADSS 144 cores | C25: meter | D25: =E26 -> 0 | H25: =D25*F25 -> 0 | I25: =E25*G25 -> 0 | K25: =D25+E25 -> 0 | L25: =F25+G25 -> 0 | N25: 200001030 | O25: FO TYPE SM G.652.D-ADSS 144 CORES | P25: Material | Q25: Internal
B26: Instal FO core type SM G.652.D-ADSS 144 cores | C26: meter | E26: =SUM('BoM AE'!O14) -> 0 | H26: =D26*F26 -> 0 | I26: =E26*G26 -> 0 | K26: =D26+E26 -> 0 | L26: =F26+G26 -> 0 | N26: 500002088 | O26: INSTAL FO TYPE SM G.652.D-ADSS 144 CORES | P26: Service | Q26: Vendor
B27: FO core type SM G.652.D-ADSS 288 cores | C27: meter | D27: =E28 -> 0 | H27: =D27*F27 -> 0 | I27: =E27*G27 -> 0 | K27: =D27+E27 -> 0 | L27: =F27+G27 -> 0 | N27: 200001015 | O27: FO TYPE SM G.652.D-ADSS 288 CORES | P27: Material | Q27: Internal
B28: Instal FO core type SM G.652.D-ADSS 288 cores | C28: meter | E28: =SUM('BoM AE'!O15) -> 0 | H28: =D28*F28 -> 0 | I28: =E28*G28 -> 0 | K28: =D28+E28 -> 0 | L28: =F28+G28 -> 0 | N28: 500002089 | O28: INSTAL FO TYPE SM G.652.D-ADSS 288 CORES | P28: Service | Q28: Vendor
B29: Round Cable 1C - 50 m | C29: set | N29: 200002668 | O29: ROUND CABLE 1C - 50 M | P29: Material
B30: Install Round Cable 1C - 50 m | C30: set | N30: 500004722 | O30: INSTALL ROUND CABLE 1C - 50 M | P30: Service
B31: Round Cable 1C - 100 m | C31: set | N31: 200002669 | O31: ROUND CABLE 1C - 100 M | P31: Material
B32: Install Round Cable 1C - 100 m | C32: set | N32: 500004723 | O32: INSTALL ROUND CABLE 1C - 100 M | P32: Service
B33: Round Cable 1C - 150 m | C33: set | N33: 200002670 | O33: ROUND CABLE 1C - 150 M | P33: Material
B34: Install Round Cable 1C - 150 m | C34: set | N34: 500004724 | O34: INSTALL ROUND CABLE 1C - 150 M | P34: Service
B35: Round Cable 1C - 200 m | C35: set | N35: 200002671 | O35: ROUND CABLE 1C - 200 M | P35: Material
B36: Install Round Cable 1C - 200 m | C36: set | N36: 500004725 | O36: INSTALL ROUND CABLE 1C - 200 M | P36: Service
B37: Round Cable 1C - 250 m | C37: set | N37: 200002713 | O37: ROUND CABLE 1C - 250 M | P37: Material
B38: Install Round Cable 1C - 250 m | C38: set | N38: 500004777 | O38: INSTALL ROUND CABLE 1C - 250 M | P38: Service
B39: Round Cable 1C - 300 m | C39: set | N39: 200002714 | O39: ROUND CABLE 1C - 300 M | P39: Material
B40: Install Round Cable 1C - 300 m | C40: set | N40: 500004778 | O40: INSTALL ROUND CABLE 1C - 300 M | P40: Service
A41: B | B41: Fiber Distribution Terminal (FDT) SC/APC c/w Box, matrix terminal, Patchtray, Pigtail, label & accessories include concrete base | H41: =D41*F41 -> 0 | I41: =E41*G41 -> 0 | K41: =D41+E41 -> 0 | L41: =F41+G41 -> 0
B42: 48 cores capacity pole mounted FDT | C42: set | H42: =D42*F42 -> 0 | I42: =E42*G42 -> 0 | K42: =D42+E42 -> 0 | L42: =F42+G42 -> 0 | N42: 200001039 | O42: 48 CORES CAPACITY POLE MOUNTED FDT | P42: Material
B43: Instal 48 cores capacity pole mounted FDT | C43: set | I43: =E43*G43 -> 0 | K43: =D43+E43 -> 0 | L43: =F43+G43 -> 0 | N43: 500002053 | O43: INSTAL 48 CORES CAPACITY POLE FDT | P43: Service
B44: 72 cores capacity pole mounted FDT | C44: set | H44: =D44*F44 -> 0 | I44: =E44*G44 -> 0 | K44: =D44+E44 -> 0 | L44: =F44+G44 -> 0 | N44: 200001040 | O44: 72 CORES CAPACITY POLE MOUNTED FDT | P44: Material
B45: Instal 72 cores capacity pole mounted FDT | C45: set | H45: =D45*F45 -> 0 | I45: =E45*G45 -> 0 | K45: =D45+E45 -> 0 | L45: =F45+G45 -> 0 | N45: 500002054 | O45: INSTAL 72 CORES CAPACITY POLE FDT | P45: Service
B46: 96 cores capacity pole mounted FDT | C46: set | H46: =D46*F46 -> 0 | I46: =E46*G46 -> 0 | K46: =D46+E46 -> 0 | L46: =F46+G46 -> 0 | N46: 200001041 | O46: 96 CORES CAPACITY POLE MOUNTED FDT | P46: Material
B47: Instal 96 cores capacity pole mounted FDT | C47: set | H47: =D47*F47 -> 0 | I47: =E47*G47 -> 0 | K47: =D47+E47 -> 0 | L47: =F47+G47 -> 0 | N47: 500002055 | O47: INSTAL 96 CORES CAPACITY POLE FDT | P47: Service
B48: 144 cores capacity ground mounted FDT | C48: set | H48: =D48*F48 -> 0 | I48: =E48*G48 -> 0 | K48: =D48+E48 -> 0 | L48: =F48+G48 -> 0 | N48: 200001042 | O48: 144 CORES CAPACITY GROUND MOUNTED FDT | P48: Material
B49: Instal 144 cores capacity pole mounted FDT | C49: set | H49: =D49*F49 -> 0 | I49: =E49*G49 -> 0 | K49: =D49+E49 -> 0 | L49: =F49+G49 -> 0 | N49: 500002062 | O49: INSTAL 144 CORES CAPACITY POLE FDT | P49: Service
B50: 288 cores capacity ground mounted FDT | C50: set | H50: =D50*F50 -> 0 | I50: =E50*G50 -> 0 | K50: =D50+E50 -> 0 | L50: =F50+G50 -> 0 | N50: 200001043 | O50: 288 CORES CAPACITY GROUND MOUNTED FDT | P50: Material
B51: Instal 288 cores capacity pole mounted FDT | C51: set | H51: =D51*F51 -> 0 | I51: =E51*G51 -> 0 | K51: =D51+E51 -> 0 | L51: =F51+G51 -> 0 | N51: 500002073 | O51: INSTAL 288 CORES CAPACITY POLE FDT | P51: Service
B52: 576 cores capacity ground mounted FDT | C52: set | H52: =D52*F52 -> 0 | I52: =E52*G52 -> 0 | K52: =D52+E52 -> 0 | L52: =F52+G52 -> 0 | N52: 200001044 | O52: 576 CORES CAPACITY GROUND MOUNTED FDT | P52: Material
B53: Instal 576 cores capacity pole mounted FDT | C53: set | H53: =D53*F53 -> 0 | I53: =E53*G53 -> 0 | K53: =D53+E53 -> 0 | L53: =F53+G53 -> 0 | N53: 500002084 | O53: INSTAL 576 CORES CAPACITY POLE FDT | P53: Service
B54: Hub Box (With Splitter 1:2 Even) | C54: unit | N54: 200002672 | O54: HUB BOX (WITH SPLITTER 1:2 EVEN) | P54: Material
B55: Install Hub Box (With Splitter 1:2 Even) | C55: unit | N55: 500004726 | O55: INSTALL HUB BOX (WITH SPLITTER 1:2 EVEN) | P55: Service
A56: C | B56: Optical Splitter (Bracket Mount Type, SC/APC) | H56: =D56*F56 -> 0 | I56: =E56*G56 -> 0 | K56: =D56+E56 -> 0 | L56: =F56+G56 -> 0
B57: Splitter 1:4 | C57: unit | H57: =D57*F57 -> 0 | I57: =E57*G57 -> 0 | K57: =D57+E57 -> 0 | L57: =F57+G57 -> 0 | N57: 100000191 | O57: OPTIC SPLITTER 1:4 WITH SC/APC PIGTAILS | P57: Material
B58: Splitter 1:8 (Modular) | C58: unit | H58: =D58*F58 -> 0 | I58: =E58*G58 -> 0 | K58: =D58+E58 -> 0 | L58: =F58+G58 -> 0 | N58: 100000826 | O58: SPLITTER 1:8 | P58: Material
A59: D | B59: Micro Splitter (PLC Type) | H59: =D59*F59 -> 0 | I59: =E59*G59 -> 0 | K59: =D59+E59 -> 0 | L59: =F59+G59 -> 0
B60: Micro Splitter 1:4 | C60: unit | H60: =D60*F60 -> 0 | I60: =E60*G60 -> 0 | K60: =D60+E60 -> 0 | L60: =F60+G60 -> 0 | N60: 200001045 | O60: MICRO SPLITTER PLC TYPE 1:4 | P60: Material
B61: Micro Splitter 1:8 | C61: unit | H61: =D61*F61 -> 0 | I61: =E61*G61 -> 0 | K61: =D61+E61 -> 0 | L61: =F61+G61 -> 0 | N61: 200001046 | O61: MICRO SPLITTER PLC TYPE 1:8 | P61: Material
A62: E | B62: Fiber Access Terminal (FAT) c/w adapter, pigtail SC/APC, label & accessories | H62: =D62*F62 -> 0 | I62: =E62*G62 -> 0 | K62: =D62+E62 -> 0 | L62: =F62+G62 -> 0
B63: Pole mounted outdoor type (16 ports type) | C63: unit | H63: =D63*F63 -> 0 | I63: =E63*G63 -> 0 | K63: =D63+E63 -> 0 | L63: =F63+G63 -> 0 | N63: 200001047 | O63: FAT POLE MOUNTED TYPE (16 PORTS) | P63: Material
B64: Instal Pole mounted outdoor type (16 ports type) Pole | C64: unit | H64: =D64*F64 -> 0 | I64: =E64*G64 -> 0 | K64: =D64+E64 -> 0 | L64: =F64+G64 -> 0 | M64: 500002142 | N64: 500002142 | O64: INSTAL FAT POLE MOUNTED TYPE (16 PORTS) | P64: Service
B65: Pedestal ground mounted type (16 ports type) | C65: unit | H65: =D65*F65 -> 0 | I65: =E65*G65 -> 0 | K65: =D65+E65 -> 0 | L65: =F65+G65 -> 0 | N65: 100000824 | O65: PEDESTAL MOUNTED TYPE (16 PORTS) | P65: Material
B66: Instal Ground mounted outdoor type (16 ports type) | C66: unit | H66: =D66*F66 -> 0 | I66: =E66*G66 -> 0 | K66: =D66+E66 -> 0 | L66: =F66+G66 -> 0 | N66: 500002097 | O66: INSTAL FAT POLE MOUNTED TYPE (16 PORTS) | P66: Service
A67: F | B67: Underground Pedestal SPH920 Signature Series Type include accessories & concrete base | C67: unit | H67: =D67*F67 -> 0 | I67: =E67*G67 -> 0 | K67: =D67+E67 -> 0 | L67: =F67+G67 -> 0 | N67: 200000165 | O67: PEDESTAL | P67: Material
B68: Instalasi FAT Underground 8 Port | C68: unit | N68: 500004720 | O68: INSTALASI FAT UNDERGROUND 8 PORT | P68: Service
B69: Instalasi FAT Underground 16 Port | C69: unit | N69: 500004721 | O69: INSTALASI FAT UNDERGROUND 16 PORT | P69: Service
B70: Sub Box (With Splitter 1:9, Uneven 70/30) | C70: unit | N70: 200002673 | O70: SUB BOX (WITH SPLITTER 1:9, UNEVEN 70/30 | P70: Material
B71: Install Sub Box (With Splitter 1:9, Uneven) | C71: unit | N71: 500004727 | O71: INSTALL SUB BOX (WITHSPLITTER1:9,UNEVEN) | P71: Service
B72: End Box (With Splitter 1:8, Even) | C72: unit | N72: 200002674 | O72: END BOX (WITH SPLITTER 1:8, EVEN) | P72: Material
B73: Install End Box (With Splitter 1:8, Even) | C73: unit | N73: 500004728 | O73: INSTALL END BOX (WITH SPLITTER 1:8, EVEN | P73: Service
B74: Instal Underground Pedestal SPH920 Signature Series Type include accessories & concrete base | C74: unit | H74: =D74*F74 -> 0 | I74: =E74*G74 -> 0 | K74: =D74+E74 -> 0 | L74: =F74+G74 -> 0 | N74: 500002113 | O74: Instal PEDESTAL | P74: Service
A75: G | B75: Joint Closure | C75: unit | H75: =D75*F75 -> 0 | I75: =E75*G75 -> 0 | K75: =D75+E75 -> 0 | L75: =F75+G75 -> 0
B76: Fiber Optic Joint Closure Type In-line 24 Core | C76: unit | D76: ='BoM AE'!O23 -> 0 | H76: =D76*F76 -> 0 | I76: =E76*G76 -> 0 | K76: =D76+E76 -> 0 | L76: =F76+G76 -> 0 | N76: 200000182 | O76: FO JOINT CLOSURE TYPE IN-LINE 24 CORE | P76: Material
B77: Fiber Optic Joint Closure Type In-line 36 Core | C77: unit | D77: ='BoM AE'!O24 -> 0 | H77: =D77*F77 -> 0 | I77: =E77*G77 -> 0 | K77: =D77+E77 -> 0 | L77: =F77+G77 -> 0 | N77: 200001048 | O77: FO JOINT CLOSURE TYPE INLINE 36C | P77: Material
B78: Fiber Optic Joint Closure Type In-line 48 Core | C78: unit | D78: ='BoM AE'!O25 -> 0 | H78: =D78*F78 -> 0 | I78: =E78*G78 -> 0 | K78: =D78+E78 -> 0 | L78: =F78+G78 -> 0 | N78: 200000159 | O78: FO JOINT CLOSURE TYPE IN-LINE 48 CORE | P78: Material
B79: Fiber Optic Joint Closure Type In-line 72 Core | C79: unit | H79: - | I79: - | N79: 200000174 | O79: FO JOINT CLOSURE TYPE IN-LINE 72 CORE
B80: Fiber Optic Joint Closure Type In-line 96 Core | C80: unit | H80: =D80*F80 -> 0 | I80: =E80*G80 -> 0 | K80: =D80+E80 -> 0 | L80: =F80+G80 -> 0 | N80: 200000179 | O80: FO JOINT CLOSURE TYPE IN-LINE 96 CORE | P80: Material
B81: Fiber Optic Joint Closure Type In-line 144 Core | C81: unit | D81: ='BoM AE'!O28 -> 0 | H81: =D81*F81 -> 0 | I81: =E81*G81 -> 0 | K81: =D81+E81 -> 0 | L81: =F81+G81 -> 0 | N81: 200000186 | O81: FO JOINT CLOSURE TYPE IN-LINE 144 CORE | P81: Material
B82: Fiber Optic Joint Closure Type Inline 288 Core | C82: unit | H82: =D82*F82 -> 0 | I82: =E82*G82 -> 0 | K82: =D82+E82 -> 0 | L82: =F82+G82 -> 0 | N82: 200000155 | O82: FO JOINT CLOSURE TYPE IN-LINE 288 CORE | P82: Material
B83: Fiber Optic Joint Closure Type Dome 24 Core | C83: unit | D83: ='BoM AE'!O30 -> 0 | H83: =D83*F83 -> 0 | I83: =E83*G83 -> 0 | K83: =D83+E83 -> 0 | L83: =F83+G83 -> 0 | N83: 200000180 | O83: FO JOINT CLOSURE TYPE DOME 24 CORE | P83: Material
B84: Fiber Optic Joint Closure Type Dome 36 Core | C84: unit | H84: =D84*F84 -> 0 | I84: =E84*G84 -> 0 | K84: =D84+E84 -> 0 | L84: =F84+G84 -> 0 | N84: 200001049 | O84: FO JOINT CLOSURE TYPE DOME 36C | P84: Material
B85: Fiber Optic Joint Closure Type Dome 48 Core | C85: unit | D85: ='BoM AE'!O32 -> 0 | H85: =D85*F85 -> 0 | I85: =E85*G85 -> 0 | K85: =D85+E85 -> 0 | L85: =F85+G85 -> 0 | N85: 200000164 | O85: FO JOINT CLOSURE TYPE DOME 48 CORE | P85: Material
B86: Fiber Optic Joint Closure Type Dome 72 Core | C86: unit | H86: - | I86: - | N86: 200000178 | O86: FO JOINT CLOSURE TYPE DOME 72 CORE
B87: Fiber Optic Joint Closure Type Dome 96 Core | C87: unit | H87: =D87*F87 -> 0 | I87: =E87*G87 -> 0 | K87: =D87+E87 -> 0 | L87: =F87+G87 -> 0 | N87: 200000176 | O87: FO JOINT CLOSURE TYPE DOME 96 CORE | P87: Material
B88: Fiber Optic Joint Closure Type Dome 144 Core | C88: unit | D88: ='BoM AE'!O35 -> 0 | N88: 200000158 | O88: FO JOINT CLOSURE TYPE DOME 144 CORE | P88: Material
B89: Fiber Optic Joint Closure Type Dome 288 Core | C89: unit | N89: 200000156 | O89: FO JOINT CLOSURE TYPE DOME 288 CORE | P89: Material
A90: H | B90: Pigtail SM SC/APC | C90: pcs | H90: =D90*F90 -> 0 | I90: =E90*G90 -> 0 | K90: =D90+E90 -> 0 | L90: =F90+G90 -> 0 | N90: 200002408 | O90: PIGTAIL - SC/APC SM 1.5M | P90: Material
A91: U | B91: Connector SC/APC | C91: pcs | H91: =D91*F91 -> 0 | I91: =E91*G91 -> 0 | K91: =D91+E91 -> 0 | L91: =F91+G91 -> 0 | N91: 200001009 | O91: CONNECTOR SC/APC | P91: Material
A92: J | B92: Splicing | C92: core | E92: =SUM('BoM AE'!O64,'BoM AE'!O65) -> 0 | H92: =D92*F92 -> 0 | I92: =E92*G92 -> 0 | K92: =D92+E92 -> 0 | L92: =F92+G92 -> 0 | N92: 500000510 | O92: SPLICING FO | P92: Service
B93: Protector Sleeve | C93: pcs | H93: 0 | I93: 0 | K93: 0 | L93: 0 | N93: 200000232 | O93: Protector Sleeve | P93: Material | Q93: untuk HRB
A94: K | B94: Label Cable (on pole, in Handhole) | C94: pcs | D94: ='BoM AE'!O60 -> 0 | H94: =D94*F94 -> 0 | I94: =E94*G94 -> 0 | K94: =D94+E94 -> 0 | L94: =F94+G94 -> 0 | N94: 200000290 | O94: LABEL KABEL | P94: Material
A95: L | B95: Label FDT | C95: pcs | H95: =D95*F95 -> 0 | I95: =E95*G95 -> 0 | K95: =D95+E95 -> 0 | L95: =F95+G95 -> 0 | N95: 200000273 | O95: LABEL FDT | P95: Material
A96: M | B96: Label FAT (include QR Code) | C96: pcs | H96: =D96*F96 -> 0 | I96: =E96*G96 -> 0 | K96: =D96+E96 -> 0 | L96: =F96+G96 -> 0 | N96: 200000288 | O96: LABEL FAT | P96: Material
A97: N | B97: Label Pole | C97: pcs | D97: ='BoM AE'!O61 -> 0 | H97: =D97*F97 -> 0 | I97: =E97*G97 -> 0 | K97: =D97+E97 -> 0 | L97: =F97+G97 -> 0 | N97: 500001742 | O97: JASA PENGECETAN & LABEL TIANG BESERTA MA | P97: Material
A98: O | B98: Label Pedestal | C98: pcs | H98: =D98*F98 -> 0 | I98: =E98*G98 -> 0 | K98: =D98+E98 -> 0 | L98: =F98+G98 -> 0 | N98: 200000802 | O98: LABEL PEDESTAL | P98: Material
A99: P | B99: Bridge and River crossing | C99: meter | H99: =D99*F99 -> 0 | I99: =E99*G99 -> 0 | K99: =D99+E99 -> 0 | L99: =F99+G99 -> 0
B100: River crossing by self support | C100: meter | H100: =D100*F100 -> 0 | I100: =E100*G100 -> 0 | K100: =D100+E100 -> 0 | L100: =F100+G100 -> 0 | N100: 200001028 | O100: RIVER CROSSING BY SELF SUPPORT | P100: Material
B101: River crossing by attach to existing bridge | C101: set | H101: =D101*F101 -> 0 | I101: =E101*G101 -> 0 | K101: =D101+E101 -> 0 | L101: =F101+G101 -> 0 | N101: 200001011 | O101: RIVER CROSSING BY ATTACH TO BRIDGE | P101: Material
...

Sheet BoM AE
A1: BoM Cluster - | B1: ='BoQ NRO Cluster'!O3 -> 0 | C1: Qty | D1: FDT 1 | E1: FDT 2 | F1: FDT 3 | G1: FDT 4 | H1: FDT 5 | I1: Unit | J1: Remarks | M1: BoM - Main/Hub/Sub Feeder | N1: =B1 -> 0 | O1: Qty | P1: FDT 1 | Q1: FDT 2 | R1: FDT 3 | S1: FDT 4 | T1: FDT 5 | U1: Units | V1: Remarks
A2: Total Rute | B2: Line A - 24C/2T | C2: =SUM(D2:H2) -> 0 | D2: 0 | E2: 0 | F2: 0 | I2: m | J2: qty based on design | M2: Total Route to FDT | N2: 24C/2T | O2: =SUM(P2:T2) -> 0 | U2: m | V2: qty based on design
B3: Line B - 24C/2T | C3: =SUM(D3:H3) -> 0 | D3: 0 | F3: 0 | I3: m | J3: qty based on design | N3: 36C/3T | O3: =SUM(P3:T3) -> 0 | U3: m | V3: qty based on design
B4: Line C - 24C/2T | C4: =SUM(D4:H4) -> 0 | I4: m | J4: qty based on design | N4: 48C/4T | O4: =SUM(P4:T4) -> 0 | U4: m | V4: qty based on design
B5: Line D - 24C/2T | C5: =SUM(D5:H5) -> 0 | I5: m | J5: qty based on design | N5: 72C/6T | O5: =SUM(P5:T5) -> 0 | U5: m | V5: qty based on design
B6: Line A - 36C/3T | C6: =SUM(D6:H6) -> 0 | D6: 0 | I6: m | J6: qty based on design | N6: 96C/8T | O6: =SUM(P6:T6) -> 0 | U6: m | V6: qty based on design
B7: Line B - 36C/3T | C7: =SUM(D7:H7) -> 0 | D7: 0 | I7: m | J7: qty based on design | N7: 144C/12T | O7: =SUM(P7:T7) -> 0 | U7: m | V7: auto based on formula
B8: Line C - 36C/3T | C8: =SUM(D8:H8) -> 0 | I8: m | J8: qty based on design | N8: 288C/24T | O8: =SUM(P8:T8) -> 0 | U8: m | V8: auto based on formula
B9: Line D - 36C/3T | C9: =SUM(D9:H9) -> 0 | I9: m | J9: qty based on design | M9: Total Panjang Kabel to FDT (Slack + toleransi 5%) | N9: =N2 -> 24C/2T | O9: =SUM(P9:T9) -> 0 | P9: =ROUNDUP(((P2)+(P16*20))*1.05,0) -> 0 | Q9: =ROUNDUP(((Q2)+(Q16*20))*1.05,0) -> 0 | R9: =ROUNDUP(((R2)+(R16*20))*1.05,0) -> 0 | S9: =ROUNDUP(((S2)+(S16*20))*1.05,0) -> 0 | T9: =ROUNDUP(((T2)+(T16*20))*1.05,0) -> 0 | U9: m | V9: auto based on formula
B10: Line A - 48C/4T | C10: =SUM(D10:H10) -> 0 | I10: m | J10: qty based on design | N10: =N3 -> 36C/3T | O10: =SUM(P10:T10) -> 0 | P10: =ROUNDUP(((P3)+(P17*20))*1.05,0) -> 0 | Q10: =ROUNDUP(((Q3)+(Q17*20))*1.05,0) -> 0 | R10: =ROUNDUP(((R3)+(R17*20))*1.05,0) -> 0 | S10: =ROUNDUP(((S3)+(S17*20))*1.05,0) -> 0 | T10: =ROUNDUP(((T3)+(T17*20))*1.05,0) -> 0 | U10: m | V10: auto based on formula
B11: Line B - 48C/4T | C11: =SUM(D11:H11) -> 0 | I11: m | J11: qty based on design | N11: =N4 -> 48C/4T | O11: =SUM(P11:T11) -> 0 | P11: =ROUNDUP(((P4)+(P18*20))*1.05,0) -> 0 | Q11: =ROUNDUP(((Q4)+(Q18*20))*1.05,0) -> 0 | R11: =ROUNDUP(((R4)+(R18*20))*1.05,0) -> 0 | S11: =ROUNDUP(((S4)+(S18*20))*1.05,0) -> 0 | T11: =ROUNDUP(((T4)+(T18*20))*1.05,0) -> 0 | U11: m | V11: auto based on formula
B12: Line C - 48C/4T | C12: =SUM(D12:H12) -> 0 | I12: m | J12: qty based on design | N12: 72C/6T | O12: =SUM(P12:T12) -> 0 | P12: =ROUNDUP(((P5)+(P19*20))*1.05,0) -> 0 | Q12: =ROUNDUP(((Q5)+(Q19*20))*1.05,0) -> 0 | R12: =ROUNDUP(((R5)+(R19*20))*1.05,0) -> 0 | S12: =ROUNDUP(((S5)+(S19*20))*1.05,0) -> 0 | T12: =ROUNDUP(((T5)+(T19*20))*1.05,0) -> 0 | U12: m | V12: auto based on formula
B13: Line D - 48C/4T | C13: =SUM(D13:H13) -> 0 | I13: m | J13: qty based on design | N13: 96C/8T | O13: =SUM(P13:T13) -> 0 | P13: =ROUNDUP(((P6)+(P20*20))*1.05,0) -> 0 | Q13: =ROUNDUP(((Q6)+(Q20*20))*1.05,0) -> 0 | R13: =ROUNDUP(((R6)+(R20*20))*1.05,0) -> 0 | S13: =ROUNDUP(((S6)+(S20*20))*1.05,0) -> 0 | T13: =ROUNDUP(((T6)+(T20*20))*1.05,0) -> 0 | U13: m | V13: auto based on formula
A14: Total Rute | C14: =SUM(D14:H14) -> 0 | D14: =SUM(D2:D13) -> 0 | E14: =SUM(E2:E13) -> 0 | F14: =SUM(F2:F13) -> 0 | G14: =SUM(G2:G13) -> 0 | H14: =SUM(H2:H13) -> 0 | I14: m | J14: auto (based on formula) | N14: =N7 -> 144C/12T | O14: =SUM(P14:T14) -> 0 | P14: =ROUNDUP(((P7)+(P21*20))*1.05,0) -> 0 | Q14: =ROUNDUP(((Q7)+(Q21*20))*1.05,0) -> 0 | R14: =ROUNDUP(((R7)+(R21*20))*1.05,0) -> 0 | S14: =ROUNDUP(((S7)+(S21*20))*1.05,0) -> 0 | T14: =ROUNDUP(((T7)+(T21*20))*1.05,0) -> 0 | U14: m | V14: auto based on formula
B15: Rute Strand Wire | C15: =SUM(D15:H15) -> 0 | I15: m | J15: qty based on design | N15: =N8 -> 288C/24T | O15: =SUM(P15:T15) -> 0 | P15: =ROUNDUP(((P8)+(P22*20))*1.05,0) -> 0 | Q15: =ROUNDUP(((Q8)+(Q22*20))*1.05,0) -> 0 | R15: =ROUNDUP(((R8)+(R22*20))*1.05,0) -> 0 | S15: =ROUNDUP(((S8)+(S22*20))*1.05,0) -> 0 | T15: =ROUNDUP(((T8)+(T22*20))*1.05,0) -> 0 | U15: m | V15: auto based on formula
A16: Total Panjang Kabel (Slack + Toleransi 5%) | B16: =B2 -> Line A - 24C/2T | C16: =SUM(D16:H16) -> 0 | D16: =IF(D2=0,0,(ROUNDUP(((D2)+($D$44+$D$40)*20)*1.05,0))) -> 0 | E16: =IF(E2=0,0,(ROUNDUP(((E2)+($E$44+$E$40)*20)*1.05,0))) -> 0 | F16: =IF(F2=0,0,(ROUNDUP(((F2)+($F$44+$F$40)*20)*1.05,0))) -> 0 | G16: =IF(G2=0,0,(ROUNDUP(((G2)+($F$44+$F$40)*20)*1.05,0))) -> 0 | H16: =IF(H2=0,0,(ROUNDUP(((H2)+($F$44+$F$40)*20)*1.05,0))) -> 0 | I16: m | J16: auto (based on formula) | M16: Total Coil / Slack | N16: =N2 -> 24C/2T | O16: =SUM(P16:T16) -> 0 | P16: =IF(P2=0,0,(ROUNDUP((P2/400)+1,0))) -> 0 | Q16: =IF(Q2=0,0,(ROUNDUP((Q2/400)+1,0))) -> 0 | R16: =IF(R2=0,0,(ROUNDUP((R2/400)+1,0))) -> 0 | S16: =IF(S2=0,0,(ROUNDUP((S2/400)+1,0))) -> 0 | T16: =IF(T2=0,0,(ROUNDUP((T2/400)+1,0))) -> 0 | U16: pcs | V16: auto based on formula
B17: =B3 -> Line B - 24C/2T | C17: =SUM(D17:H17) -> 0 | D17: =IF(D3=0,0,(ROUNDUP(((D3)+($D$45+$D$41)*20)*1.05,0))) -> 0 | E17: =IF(E3=0,0,(ROUNDUP(((E3)+($E$45+$E$41)*20)*1.05,0))) -> 0 | F17: =IF(F3=0,0,(ROUNDUP(((F3)+($F$45+$F$41)*20)*1.05,0))) -> 0 | G17: =IF(G3=0,0,(ROUNDUP(((G3)+($F$45+$F$41)*20)*1.05,0))) -> 0 | H17: =IF(H3=0,0,(ROUNDUP(((H3)+($F$45+$F$41)*20)*1.05,0))) -> 0 | I17: m | J17: auto (based on formula) | N17: =N3 -> 36C/3T | O17: =SUM(P17:T17) -> 0 | P17: =IF(P3=0,0,(ROUNDUP((P3/400)+1,0))) -> 0 | Q17: =IF(Q3=0,0,(ROUNDUP((Q3/400)+1,0))) -> 0 | R17: =IF(R3=0,0,(ROUNDUP((R3/400)+1,0))) -> 0 | S17: =IF(S3=0,0,(ROUNDUP((S3/400)+1,0))) -> 0 | T17: =IF(T3=0,0,(ROUNDUP((T3/400)+1,0))) -> 0 | U17: pcs | V17: qty based on design
B18: =B4 -> Line C - 24C/2T | C18: =SUM(D18:H18) -> 0 | D18: =IF(D4=0,0,(ROUNDUP(((D4)+($D$46+$D$42)*20)*1.05,0))) -> 0 | E18: =IF(E4=0,0,(ROUNDUP(((E4)+($E$46+$E$42)*20)*1.05,0))) -> 0 | F18: =IF(F4=0,0,(ROUNDUP(((F4)+($F$46+$F$42)*20)*1.05,0))) -> 0 | G18: =IF(G4=0,0,(ROUNDUP(((G4)+($F$46+$F$42)*20)*1.05,0))) -> 0 | H18: =IF(H4=0,0,(ROUNDUP(((H4)+($F$46+$F$42)*20)*1.05,0))) -> 0 | I18: m | J18: auto (based on formula) | N18: =N4 -> 48C/4T | O18: =SUM(P18:T18) -> 0 | P18: =IF(P4=0,0,(ROUNDUP((P4/400)+1,0))) -> 0 | Q18: =IF(Q4=0,0,(ROUNDUP((Q4/400)+1,0))) -> 0 | R18: =IF(R4=0,0,(ROUNDUP((R4/400)+1,0))) -> 0 | S18: =IF(S4=0,0,(ROUNDUP((S4/400)+1,0))) -> 0 | T18: =IF(T4=0,0,(ROUNDUP((T4/400)+1,0))) -> 0 | U18: pcs | V18: qty based on design
B19: =B5 -> Line D - 24C/2T | C19: =SUM(D19:H19) -> 0 | D19: =IF(D5=0,0,(ROUNDUP(((D5)+($D$47+$D$43)*20)*1.05,0))) -> 0 | E19: =IF(E5=0,0,(ROUNDUP(((E5)+($E$47+$E$43)*20)*1.05,0))) -> 0 | F19: =IF(F5=0,0,(ROUNDUP(((F5)+($F$47+$F$43)*20)*1.05,0))) -> 0 | G19: =IF(G5=0,0,(ROUNDUP(((G5)+($F$47+$F$43)*20)*1.05,0))) -> 0 | H19: =IF(H5=0,0,(ROUNDUP(((H5)+($F$47+$F$43)*20)*1.05,0))) -> 0 | I19: m | J19: auto (based on formula) | N19: 72C/6T | O19: =SUM(P19:T19) -> 0 | P19: =IF(P5=0,0,(ROUNDUP((P5/400)+1,0))) -> 0 | Q19: =IF(Q5=0,0,(ROUNDUP((Q5/400)+1,0))) -> 0 | R19: =IF(R5=0,0,(ROUNDUP((R5/400)+1,0))) -> 0 | S19: =IF(S5=0,0,(ROUNDUP((S5/400)+1,0))) -> 0 | T19: =IF(T5=0,0,(ROUNDUP((T5/400)+1,0))) -> 0 | U19: pcs | V19: qty based on design
B20: =B6 -> Line A - 36C/3T | C20: =SUM(D20:H20) -> 0 | D20: =IF(D6=0,0,(ROUNDUP(((D6)+($D$44+$D$40)*20)*1.05,0))) -> 0 | E20: =IF(E6=0,0,(ROUNDUP(((E6)+($E$44+$E$40)*20)*1.05,0))) -> 0 | F20: =IF(F6=0,0,(ROUNDUP(((F6)+($F$44+$F$40)*20)*1.05,0))) -> 0 | G20: =IF(G6=0,0,(ROUNDUP(((G6)+($F$44+$F$40)*20)*1.05,0))) -> 0 | H20: =IF(H6=0,0,(ROUNDUP(((H6)+($F$44+$F$40)*20)*1.05,0))) -> 0 | I20: m | J20: auto (based on formula) | N20: 96C/8T | O20: =SUM(P20:T20) -> 0 | P20: =IF(P6=0,0,(ROUNDUP((P6/400)+1,0))) -> 0 | Q20: =IF(Q6=0,0,(ROUNDUP((Q6/400)+1,0))) -> 0 | R20: =IF(R6=0,0,(ROUNDUP((R6/400)+1,0))) -> 0 | S20: =IF(S6=0,0,(ROUNDUP((S6/400)+1,0))) -> 0 | T20: =IF(T6=0,0,(ROUNDUP((T6/400)+1,0))) -> 0 | U20: pcs | V20: qty based on design
B21: =B7 -> Line B - 36C/3T | C21: =SUM(D21:H21) -> 0 | D21: =IF(D7=0,0,(ROUNDUP(((D7)+($D$45+$D$41)*20)*1.05,0))) -> 0 | E21: =IF(E7=0,0,(ROUNDUP(((E7)+($E$45+$E$41)*20)*1.05,0))) -> 0 | F21: =IF(F7=0,0,(ROUNDUP(((F7)+($F$45+$F$41)*20)*1.05,0))) -> 0 | G21: =IF(G7=0,0,(ROUNDUP(((G7)+($F$45+$F$41)*20)*1.05,0))) -> 0 | H21: =IF(H7=0,0,(ROUNDUP(((H7)+($F$45+$F$41)*20)*1.05,0))) -> 0 | I21: m | J21: auto (based on formula) | N21: =N7 -> 144C/12T | O21: =SUM(P21:T21) -> 0 | P21: =IF(P7=0,0,(ROUNDUP((P7/400)+1,0))) -> 0 | Q21: =IF(Q7=0,0,(ROUNDUP((Q7/400)+1,0))) -> 0 | R21: =IF(R7=0,0,(ROUNDUP((R7/400)+1,0))) -> 0 | S21: =IF(S7=0,0,(ROUNDUP((S7/400)+1,0))) -> 0 | T21: =IF(T7=0,0,(ROUNDUP((T7/400)+1,0))) -> 0 | U21: pcs | V21: qty based on design
B22: =B8 -> Line C - 36C/3T | C22: =SUM(D22:H22) -> 0 | D22: =IF(D8=0,0,(ROUNDUP(((D8)+($D$46+$D$42)*20)*1.05,0))) -> 0 | E22: =IF(E8=0,0,(ROUNDUP(((E8)+($E$46+$E$42)*20)*1.05,0))) -> 0 | F22: =IF(F8=0,0,(ROUNDUP(((F8)+($F$46+$F$42)*20)*1.05,0))) -> 0 | G22: =IF(G8=0,0,(ROUNDUP(((G8)+($F$46+$F$42)*20)*1.05,0))) -> 0 | H22: =IF(H8=0,0,(ROUNDUP(((H8)+($F$46+$F$42)*20)*1.05,0))) -> 0 | I22: m | J22: auto (based on formula) | N22: =N8 -> 288C/24T | O22: =SUM(P22:T22) -> 0 | P22: =IF(P8=0,0,(ROUNDUP((P8/400)+1,0))) -> 0 | Q22: =IF(Q8=0,0,(ROUNDUP((Q8/400)+1,0))) -> 0 | R22: =IF(R8=0,0,(ROUNDUP((R8/400)+1,0))) -> 0 | S22: =IF(S8=0,0,(ROUNDUP((S8/400)+1,0))) -> 0 | T22: =IF(T8=0,0,(ROUNDUP((T8/400)+1,0))) -> 0 | U22: pcs | V22: qty based on design
B23: =B9 -> Line D - 36C/3T | C23: =SUM(D23:H23) -> 0 | D23: =IF(D9=0,0,(ROUNDUP(((D9)+($D$47+$D$43)*20)*1.05,0))) -> 0 | E23: =IF(E9=0,0,(ROUNDUP(((E9)+($E$47+$E$43)*20)*1.05,0))) -> 0 | F23: =IF(F9=0,0,(ROUNDUP(((F9)+($F$47+$F$43)*20)*1.05,0))) -> 0 | G23: =IF(G9=0,0,(ROUNDUP(((G9)+($F$47+$F$43)*20)*1.05,0))) -> 0 | H23: =IF(H9=0,0,(ROUNDUP(((H9)+($F$47+$F$43)*20)*1.05,0))) -> 0 | I23: m | J23: auto (based on formula) | M23: Closure | N23: Fiber Optic Joint Closure Type In-line 24 Core | O23: =SUM(P23:T23) -> 0 | P23: 0 | Q23: 0 | R23: 0 | S23: 0 | T23: 0 | U23: units | V23: qty based on design
B24: =B10 -> Line A - 48C/4T | C24: =SUM(D24:H24) -> 0 | D24: =IF(D10=0,0,(ROUNDUP(((D10)+($D$44+$D$40)*20)*1.05,0))) -> 0 | E24: =IF(E10=0,0,(ROUNDUP(((E10)+($E$44+$E$40)*20)*1.05,0))) -> 0 | F24: =IF(F10=0,0,(ROUNDUP(((F10)+($F$44+$F$40)*20)*1.05,0))) -> 0 | G24: =IF(G10=0,0,(ROUNDUP(((G10)+($F$44+$F$40)*20)*1.05,0))) -> 0 | H24: =IF(H10=0,0,(ROUNDUP(((H10)+($F$44+$F$40)*20)*1.05,0))) -> 0 | I24: m | J24: auto (based on formula) | N24: Fiber Optic Joint Closure Type In-line 36 Core | O24: =SUM(P24:T24) -> 0 | P24: 0 | Q24: 0 | R24: 0 | S24: 0 | T24: 0 | U24: units | V24: qty based on design
B25: =B11 -> Line B - 48C/4T | C25: =SUM(D25:H25) -> 0 | D25: =IF(D11=0,0,(ROUNDUP(((D11)+($D$45+$D$41)*20)*1.05,0))) -> 0 | E25: =IF(E11=0,0,(ROUNDUP(((E11)+($E$45+$E$41)*20)*1.05,0))) -> 0 | F25: =IF(F11=0,0,(ROUNDUP(((F11)+($F$45+$F$41)*20)*1.05,0))) -> 0 | G25: =IF(G11=0,0,(ROUNDUP(((G11)+($F$45+$F$41)*20)*1.05,0))) -> 0 | H25: =IF(H11=0,0,(ROUNDUP(((H11)+($F$45+$F$41)*20)*1.05,0))) -> 0 | I25: m | J25: auto (based on formula) | N25: Fiber Optic Joint Closure Type In-line 48 Core | O25: =SUM(P25:T25) -> 0 | P25: 0 | Q25: 0 | R25: 0 | S25: 0 | T25: 0 | U25: units | V25: qty based on design
B26: =B12 -> Line C - 48C/4T | C26: =SUM(D26:H26) -> 0 | D26: =IF(D12=0,0,(ROUNDUP(((D12)+($D$46+$D$42)*20)*1.05,0))) -> 0 | E26: =IF(E12=0,0,(ROUNDUP(((E12)+($E$46+$E$42)*20)*1.05,0))) -> 0 | F26: =IF(F12=0,0,(ROUNDUP(((F12)+($F$46+$F$42)*20)*1.05,0))) -> 0 | G26: =IF(G12=0,0,(ROUNDUP(((G12)+($F$46+$F$42)*20)*1.05,0))) -> 0 | H26: =IF(H12=0,0,(ROUNDUP(((H12)+($F$46+$F$42)*20)*1.05,0))) -> 0 | I26: m | J26: auto (based on formula) | N26: Fiber Optic Joint Closure Type In-line 72 Core | O26: =SUM(P26:T26) -> 0 | P26: 0 | Q26: 0 | R26: 0 | S26: 0 | T26: 0 | U26: units | V26: qty based on design
B27: =B13 -> Line D - 48C/4T | C27: =SUM(D27:H27) -> 0 | D27: =IF(D13=0,0,(ROUNDUP(((D13)+($D$47+$D$43)*20)*1.05,0))) -> 0 | E27: =IF(E13=0,0,(ROUNDUP(((E13)+($E$47+$E$43)*20)*1.05,0))) -> 0 | F27: =IF(F13=0,0,(ROUNDUP(((F13)+($F$47+$F$43)*20)*1.05,0))) -> 0 | G27: =IF(G13=0,0,(ROUNDUP(((G13)+($F$47+$F$43)*20)*1.05,0))) -> 0 | H27: =IF(H13=0,0,(ROUNDUP(((H13)+($F$47+$F$43)*20)*1.05,0))) -> 0 | I27: m | J27: auto (based on formula) | N27: Fiber Optic Joint Closure Type In-line 96 Core | O27: =SUM(P27:T27) -> 0 | P27: 0 | Q27: 0 | R27: 0 | S27: 0 | T27: 0 | U27: units | V27: qty based on design
A28: Total Panjang Cable | C28: =SUM(D28:H28) -> 0 | D28: =SUM(D16:D27) -> 0 | E28: =SUM(E16:E27) -> 0 | F28: =SUM(F16:F27) -> 0 | G28: =SUM(G16:G27) -> 0 | H28: =SUM(H16:H27) -> 0 | I28: m | J28: auto (based on formula) | N28: Fiber Optic Joint Closure Type In-line 144 Core | O28: =SUM(P28:T28) -> 0 | P28: 0 | Q28: 0 | R28: 0 | S28: 0 | T28: 0 | U28: units | V28: qty based on design
B29: Panjang Strand Wire + toleransi 5% | C29: =SUM(D29:H29) -> 0 | D29: =ROUNDUP(((D15*5%)+D15),0) -> 0 | E29: =ROUNDUP(((E15*5%)+E15),0) -> 0 | F29: =ROUNDUP(((F15*5%)+F15),0) -> 0 | G29: =ROUNDUP(((G15*5%)+G15),0) -> 0 | H29: =ROUNDUP(((H15*5%)+H15),0) -> 0 | I29: m | J29: auto (based on formula) | N29: Fiber Optic Joint Closure Type In-line 288 Core | O29: =SUM(P29:T29) -> 0 | P29: 0 | Q29: 0 | R29: 0 | S29: 0 | T29: 0 | U29: units | V29: qty based on design
A30: Total FDT Pole Mounted | B30: FDT Pole Mounted 48 core | C30: =SUM(D30:H30) -> 0 | D30: 0 | E30: 0 | F30: 0 | G30: 0 | H30: 0 | I30: set | J30: qty based on design | N30: Fiber Optic Joint Closure Type Dome 24 Core | O30: =SUM(P30:T30) -> 0 | P30: 0 | Q30: 0 | R30: 0 | S30: 0 | T30: 0 | U30: units | V30: qty based on design
B31: FDT Pole Mounted 72 core | C31: =SUM(D31:H31) -> 0 | D31: 0 | E31: 0 | F31: 0 | G31: 0 | H31: 0 | I31: set | J31: qty based on design | N31: Fiber Optic Joint Closure Type Dome 36 Core | O31: =SUM(P31:T31) -> 0 | P31: 0 | Q31: 0 | R31: 0 | S31: 0 | T31: 0 | U31: units | V31: auto based on formula
B32: FDT Pole Mounted 96 core | C32: =SUM(D32:H32) -> 0 | D32: 0 | E32: 0 | F32: 0 | G32: 0 | H32: 0 | I32: set | J32: qty based on design | N32: Fiber Optic Joint Closure Type Dome 48 Core | O32: =SUM(P32:T32) -> 0 | P32: 0 | Q32: 0 | R32: 0 | S32: 0 | T32: 0 | U32: units | V32: auto based on formula
B33: FDT Ground Mounted 144 core | C33: =SUM(D33:H33) -> 0 | D33: 0 | E33: 0 | F33: 0 | G33: 0 | H33: 0 | I33: set | J33: qty based on design | N33: Fiber Optic Joint Closure Type Dome 72 Core | O33: =SUM(P33:T33) -> 0 | P33: 0 | Q33: 0 | R33: 0 | S33: 0 | T33: 0 | U33: units | V33: auto based on formula
A34: Total Splitter | B34: Modular 1:8 di FDT | C34: =SUM(D34:H34) -> 0 | D34: =(ROUNDUP((D35/8),0)) -> 0 | E34: =(ROUNDUP((E35/8),0)) -> 0 | F34: =(ROUNDUP((F35/8),0)) -> 0 | G34: =(ROUNDUP((G35/8),0)) -> 0 | H34: =(ROUNDUP((H35/8),0)) -> 0 | I34: unit | J34: auto (based on formula) | N34: Fiber Optic Joint Closure Type Dome 96 Core | O34: =SUM(P34:T34) -> 0 | P34: 0 | Q34: 0 | R34: 0 | S34: 0 | T34: 0 | U34: units | V34: auto based on formula
B35: FAT 1:8 | C35: =SUM(D35:H35) -> 0 | D35: =SUM(D36:D39) -> 0 | E35: =SUM(E36:E39) -> 0 | F35: =SUM(F36:F39) -> 0 | G35: =SUM(G36:G39) -> 0 | H35: =SUM(H36:H39) -> 0 | I35: unit | J35: auto (based on formula) | N35: Fiber Optic Joint Closure Type Dome 144 Core | O35: =SUM(P35:T35) -> 0 | P35: 0 | Q35: 0 | R35: 0 | S35: 0 | T35: 0 | U35: units | V35: auto based on formula
A36: Total FAT | B36: Line A | C36: =SUM(D36:H36) -> 0 | D36: 0 | E36: 0 | F36: 0 | G36: 0 | H36: 0 | I36: unit | J36: qty based on design | N36: Fiber Optic Joint Closure Type Dome 288 Core | O36: =SUM(P36:T36) -> 0 | P36: 0 | Q36: 0 | R36: 0 | S36: 0 | T36: 0 | U36: units | V36: auto based on formula
B37: Line B | C37: =SUM(D37:H37) -> 0 | D37: 0 | E37: 0 | F37: 0 | G37: 0 | H37: 0 | I37: unit | J37: qty based on design | M37: Accessoris (1 set every acc) | N37: Cable loop holder/plat strip/Cable hanger | O37: =SUM(P37:T37) -> 0 | P37: =SUM(P16:P22) -> 0 | Q37: =SUM(Q16:Q22) -> 0 | R37: =SUM(R16:R22) -> 0 | S37: =SUM(S16:S22) -> 0 | T37: =SUM(T16:T22) -> 0 | U37: pcs | V37: qty based on design
B38: Line C | C38: =SUM(D38:H38) -> 0 | D38: 0 | E38: 0 | F38: 0 | G38: 0 | H38: 0 | I38: unit | J38: qty based on design | N38: 1. Plate belt 20mm | O38: =SUM(P38:T38) -> 0 | P38: =P37*4 -> 0 | Q38: =Q37*4 -> 0 | R38: =R37*4 -> 0 | S38: =S37*4 -> 0 | T38: =T37*4 -> 0 | U38: pcs | V38: auto based on formula
B39: Line D | C39: =SUM(D39:H39) -> 0 | D39: 0 | E39: 0 | F39: 0 | G39: 0 | H39: 0 | I39: unit | J39: qty based on design | N39: 2. Suspension clamp | O39: =SUM(P39:T39) -> 0 | P39: =ROUNDUP((SUM(P49,P52,P53,P54,P55,P58,P59)*20%),0) -> 0 | Q39: =ROUNDUP((SUM(Q49,Q52,Q53,Q54,Q55,Q58,Q59)*20%),0) -> 0 | R39: =ROUNDUP((SUM(R49,R52,R53,R54,R55,R58,R59)*20%),0) -> 0 | S39: =ROUNDUP((SUM(S49,S52,S53,S54,S55,S58,S59)*20%),0) -> 0 | T39: =ROUNDUP((SUM(T49,T52,T53,T54,T55,T58,T59)*20%),0) -> 0 | U39: pcs | V39: auto based on formula
A40: Total Slack di FDT | B40: =B36 -> Line A | C40: =SUM(D40:H40) -> 0 | D40: =IF(D36>=1,1,0) -> 0 | E40: =IF(E36>=1,1,0) -> 0 | F40: =IF(F36>=1,1,0) -> 0 | G40: =IF(G36>=1,1,0) -> 0 | H40: =IF(H36>=1,1,0) -> 0 | I40: slack | J40: auto (based on formula) | N40: 3. Buldog grip | O40: =SUM(P40:T40) -> 0 | P40: =(P48/40)*6 -> 0 | Q40: =(Q48/40)*6 -> 0 | R40: =(R48/40)*6 -> 0 | S40: =(S48/40)*6 -> 0 | T40: =(T48/40)*6 -> 0 | U40: pcs | V40: qty based on design
B41: =B37 -> Line B | C41: =SUM(D41:H41) -> 0 | D41: =IF(D37>=1,1,0) -> 0 | E41: =IF(E37>=1,1,0) -> 0 | F41: =IF(F37>=1,1,0) -> 0 | G41: =IF(G37>=1,1,0) -> 0 | H41: =IF(H37>=1,1,0) -> 0 | I41: slack | J41: auto (based on formula) | N41: 7.Clamps Dead end Fittings/clamp buaya | O41: =SUM(P41:T41) -> 0 | P41: =P45*2 -> 0 | Q41: =Q45*2 -> 0 | R41: =R45*2 -> 0 | S41: =S45*2 -> 0 | T41: =T45*2 -> 0 | U41: pcs | V41: qty based on design
B42: =B38 -> Line C | C42: =SUM(D42:H42) -> 0 | D42: =IF(D38>=1,1,0) -> 0 | E42: =IF(E38>=1,1,0) -> 0 | F42: =IF(F38>=1,1,0) -> 0 | G42: =IF(G38>=1,1,0) -> 0 | H42: =IF(H38>=1,1,0) -> 0 | I42: slack | J42: auto (based on formula) | N42: 8. Bahan Pondasi tiang | O42: =SUM(P42:T42) -> 0 | P42: =SUM(P49:P54) -> 0 | Q42: =SUM(Q49:Q54) -> 0 | R42: =SUM(R49:R54) -> 0 | S42: =SUM(S49:S54) -> 0 | T42: =SUM(T49:T54) -> 0 | U42: pcs | V42: qty based on design
B43: =B39 -> Line D | C43: =SUM(D43:H43) -> 0 | D43: =IF(D39>=1,1,0) -> 0 | E43: =IF(E39>=1,1,0) -> 0 | F43: =IF(F39>=1,1,0) -> 0 | G43: =IF(G39>=1,1,0) -> 0 | H43: =IF(H39>=1,1,0) -> 0 | I43: slack | J43: auto (based on formula) | N43: 5. Clamp 8 (Clamp Gantung) | O43: =SUM(P43:T43) -> 0 | P43: 0 | Q43: 0 | R43: 0 | S43: 0 | T43: 0 | U43: pcs | V43: qty based on design
A44: Total Slack di FAT | B44: =B36 -> Line A | C44: =SUM(D44:H44) -> 0 | D44: =D36 -> 0 | E44: =E36 -> 0 | F44: =F36 -> 0 | G44: =G36 -> 0 | H44: =H36 -> 0 | I44: slack | J44: auto (based on formula) | N44: 6. Pole clamp single | O44: =SUM(P44:T44) -> 0 | P44: =SUM(P49:P59)-P39 -> 0 | Q44: =SUM(Q49:Q59)-Q39 -> 0 | R44: =SUM(R49:R59)-R39 -> 0 | S44: =SUM(S49:S59)-S39 -> 0 | T44: =SUM(T49:T59)-T39 -> 0 | U44: pcs | V44: qty based on design
B45: =B37 -> Line B | C45: =SUM(D45:H45) -> 0 | D45: =D37 -> 0 | E45: =E37 -> 0 | F45: =F37 -> 0 | G45: =G37 -> 0 | H45: =H37 -> 0 | I45: slack | J45: auto (based on formula) | N45: 9. Steel clamp | O45: =SUM(P45:T45) -> 0 | P45: =P39 -> 0 | Q45: =Q39 -> 0 | R45: =R39 -> 0 | S45: =S39 -> 0 | T45: =T39 -> 0 | U45: pcs | V45: qty based on design
B46: =B38 -> Line C | C46: =SUM(D46:H46) -> 0 | D46: =D38 -> 0 | E46: =E38 -> 0 | F46: =F38 -> 0 | G46: =G38 -> 0 | H46: =H38 -> 0 | I46: slack | J46: auto (based on formula) | N46: 13. HELICAL DEAD END DIAMETER 15.7-17.0 MM | O46: =SUM(P46:T46) -> 0 | P46: 0 | Q46: 0 | R46: 0 | S46: 0 | T46: 0 | U46: pcs | V46: qty based on design
B47: =B39 -> Line D | C47: =SUM(D47:H47) -> 0 | D47: =D39 -> 0 | E47: =E39 -> 0 | F47: =F39 -> 0 | G47: =G39 -> 0 | H47: =H39 -> 0 | I47: slack | J47: auto (based on formula) | N47: 14. Extention Arm | O47: =SUM(P47:T47) -> 0 | P47: 0 | Q47: 0 | R47: 0 | S47: 0 | T47: 0 | U47: pcs | V47: qty based on design
A48: Panjang Slack | C48: =SUM(D48:H48) -> 0 | D48: =SUM(D40:D47)*20 -> 0 | E48: =SUM(E40:E47)*20 -> 0 | F48: =SUM(F40:F47)*20 -> 0 | G48: =SUM(G40:G47)*20 -> 0 | H48: =SUM(H40:H47)*20 -> 0 | I48: m | J48: auto (based on formula) | M48: Strand Wire | U48: meter | V48: qty based on design
A49: Label | B49: Label Cable | C49: =SUM(D49:H49) -> 0 | D49: =SUM(D53:D61)*10% -> 0 | E49: =SUM(E53:E61)*10% -> 0 | F49: =SUM(F53:F61)*10% -> 0 | G49: =SUM(G53:G61)*10% -> 0 | H49: =SUM(H53:H61)*10% -> 0 | I49: pcs | J49: auto (based on formula) | M49: Pole | N49: New Pole 7m 4" | O49: =SUM(P49:T49) -> 0 | P49: 0 | Q49: 0 | R49: 0 | S49: 0 | T49: 0 | U49: units | V49: qty based on design
B50: Label FDT | C50: =SUM(D50:H50) -> 0 | D50: =SUM(D30:D33) -> 0 | E50: =SUM(E30:E33) -> 0 | F50: =SUM(F30:F33) -> 0 | G50: =SUM(G30:G33) -> 0 | H50: =SUM(H30:H33) -> 0 | I50: pcs | J50: auto (based on formula) | N50: New Pole 7m 3" | O50: =SUM(P50:T50) -> 0 | P50: 0 | Q50: 0 | R50: 0 | S50: 0 | T50: 0 | U50: units | V50: auto based on formula
B51: Label FAT include QR code | C51: =SUM(D51:H51) -> 0 | D51: =SUM(D36:D39) -> 0 | E51: =SUM(E36:E39) -> 0 | F51: =SUM(F36:F39) -> 0 | G51: =SUM(G36:G39) -> 0 | H51: =SUM(H36:H39) -> 0 | I51: pcs | J51: auto (based on formula) | N51: New Pole 7m 2.5" | O51: =SUM(P51:T51) -> 0 | P51: 0 | Q51: 0 | R51: 0 | S51: 0 | T51: 0 | U51: units | V51: auto based on formula
B52: Label Pole | C52: =SUM(D52:H52) -> 0 | D52: =SUM(D53:D58) -> 0 | E52: =SUM(E53:E58) -> 0 | F52: =SUM(F53:F58) -> 0 | G52: =SUM(G53:G58) -> 0 | H52: =SUM(H53:H58) -> 0 | I52: pcs | J52: auto (based on formula) | N52: New Pole 7m 5" | U52: units | V52: qty based on design
A53: Pole | B53: 7m 5" (for Distribution Pole / FDT Pole) | C53: =SUM(D53:H53) -> 0 | I53: unit | J53: qty based on design | N53: New Pole 9m 4" | O53: =SUM(P53:T53) -> 0 | P53: 0 | Q53: 0 | R53: 0 | S53: 0 | T53: 0 | U53: units | V53: qty based on design
B54: 7m 4" (for Feeder Pole / FDT Pole) | C54: =SUM(D54:H54) -> 0 | D54: 0 | E54: 0 | F54: 0 | G54: 0 | H54: 0 | I54: unit | J54: qty based on design | N54: New Pole 9m 5" | U54: units
B55: 7m 3" (for Distribution Pole/Home Connect) | C55: =SUM(D55:H55) -> 0 | D55: 0 | E55: 0 | F55: 0 | G55: 0 | H55: 0 | I55: unit | J55: qty based on design | N55: Existing Pole LN | O55: =SUM(P55:T55) -> 0 | P55: 0 | Q55: 0 | R55: 0 | S55: 0 | T55: 0 | U55: units
B56: 7m 2.5" | C56: =SUM(D56:H56) -> 0 | D56: 0 | E56: 0 | F56: 0 | G56: 0 | H56: 0 | I56: unit | N56: Existing Pole TELKOM | O56: =SUM(P56:T56) -> 0 | P56: 0 | Q56: 0 | R56: 0 | S56: 0 | T56: 0 | U56: units
B57: 9m 5" (for crossing roads) | C57: =SUM(D57:H57) -> 0 | I57: unit | J57: qty based on design | N57: Existing Pole PEMKOT | O57: =SUM(P57:T57) -> 0 | P57: 0 | Q57: 0 | R57: 0 | S57: 0 | T57: 0 | U57: units | V57: auto based on formula
B58: 9m 4" (for crossing roads) | C58: =SUM(D58:H58) -> 0 | D58: 0 | E58: 0 | F58: 0 | G58: 0 | H58: 0 | I58: unit | J58: qty based on design | N58: Existing Pole SIMS | O58: =SUM(P58:T58) -> 0 | P58: 0 | Q58: 0 | R58: 0 | S58: 0 | T58: 0 | U58: units | V58: qty based on design
B59: Existing Pole LN | C59: =SUM(D59:H59) -> 0 | D59: 0 | E59: 0 | F59: 0 | G59: 0 | H59: 0 | I59: unit | J59: qty based on design | N59: Existing Pole EMR | O59: =SUM(P59:T59) -> 0 | P59: 0 | Q59: 0 | R59: 0 | S59: 0 | T59: 0 | U59: units | V59: qty based on design
B60: Existing Pole MTI | C60: =SUM(D60:H60) -> 0 | D60: 0 | E60: 0 | F60: 0 | G60: 0 | H60: 0 | I60: unit | J60: qty based on design | M60: Label | N60: Label Cable | O60: =SUM(P60:T60) -> 0 | P60: =SUM(P49:P59) -> 0 | Q60: =SUM(Q49:Q59) -> 0 | R60: =SUM(R49:R59) -> 0 | S60: =SUM(S49:S59) -> 0 | T60: =SUM(T49:T59) -> 0 | U60: pcs | V60: qty based on design
B61: Existing Pole MR | C61: =SUM(D61:H61) -> 0 | D61: 0 | E61: 0 | F61: 0 | G61: 0 | H61: 0 | I61: unit | J61: qty based on design | N61: Lable Pole | O61: =SUM(P61:T61) -> 0 | P61: =SUM(P49:P54) -> 0 | Q61: =SUM(Q49:Q54) -> 0 | R61: =SUM(R49:R54) -> 0 | S61: =SUM(S49:S54) -> 0 | T61: =SUM(T49:T54) -> 0 | U61: pcs | V61: qty based on design UG, sesuai rute cable sub feeder
A62: Accessoris (1 set every acc) | B62: Cable loop holder/plat strip/Cable hanger | C62: =SUM(D62:H62) -> 0 | D62: {=SUM((D44:D47)+(D30:D33))} -> 0 | E62: {=SUM((E44:E47)+(E30:E33))} -> 0 | F62: {=SUM((F44:F47)+(F30:F33))} -> 0 | G62: {=SUM((G44:G47)+(G30:G33))} -> 0 | H62: {=SUM((H44:H47)+(H30:H33))} -> 0 | I62: pcs | J62: auto (based on formula) | M62: Total Core | N62: Total Core MF/HF | O62: =SUM(P62:T62) -> 0 | P62: 0 | Q62: 0 | R62: 0 | S62: 0 | T62: 0 | U62: core | V62: auto based on formula
B63: 1. Plate belt 20mm | C63: =SUM(D63:H63) -> 0 | D63: =(SUM(D36:D39)+SUM(D30:D33))*2+D64 -> 0 | E63: =(SUM(E36:E39)+SUM(E30:E33))*2+E64 -> 0 | F63: =(SUM(F36:F39)+SUM(F30:F33))*2+F64 -> 0 | G63: =(SUM(G36:G39)+SUM(G30:G33))*2+G64 -> 0 | H63: =(SUM(H36:H39)+SUM(H30:H33))*2+H64 -> 0 | I63: pcs | J63: auto (based on formula) | N63: Total Core SF | O63: =SUM(P63:T63) -> 0 | P63: 0 | Q63: 0 | R63: 0 | S63: 0 | T63: 0 | U63: core | V63: qty based on design
B64: 2. Suspension clamp | C64: =SUM(D64:H64) -> 0 | D64: =SUM(D53,D54,D55,D57,D58,D59,D60,D61)*20% -> 0 | E64: =SUM(E53,E54,E55,E57,E58,E59,E60,E61)*20% -> 0 | F64: =SUM(F53,F54,F55,F57,F58,F59,F60,F61)*20% -> 0 | G64: =SUM(G53,G54,G55,G57,G58,G59,G60,G61)*20% -> 0 | H64: =SUM(H53,H54,H55,H57,H58,H59,H60,H61)*20% -> 0 | I64: pcs | J64: auto (based on formula) | M64: Splicing | N64: Splicing Joint Closure MF/HF | O64: =SUM(P64:T64) -> 0 | P64: =P62*(SUM(P23:P37)+1) -> 0 | Q64: =Q62*(SUM(Q23:Q37)+1) -> 0 | R64: =R62*(SUM(R23:R37)+1) -> 0 | S64: =S62*(SUM(S23:S37)+1) -> 0 | T64: =T62*(SUM(T23:T37)+1) -> 0 | U64: core | V64: auto based on formula
B65: 3. Buldog grip | C65: =SUM(D65:H65) -> 0 | D65: =(D29/40)*6 -> 0 | E65: =(E29/40)*6 -> 0 | F65: =(F29/40)*6 -> 0 | G65: =(G29/40)*6 -> 0 | H65: =(H29/40)*6 -> 0 | I65: pcs | J65: auto (based on formula) | N65: Splicing Joint Closure SF | O65: =SUM(P65:T65) -> 0 | P65: =P63*2 -> 0 | Q65: =Q63*2 -> 0 | R65: =R63*2 -> 0 | S65: =S63*2 -> 0 | T65: =T63*2 -> 0 | U65: core | V65: qty based on design
B66: 7.Clamps Dead end Fittings/clamp buaya | C66: =SUM(D66:H66) -> 0 | D66: =D69*2 -> 0 | E66: =E69*2 -> 0 | F66: =F69*2 -> 0 | G66: =G69*2 -> 0 | H66: =H69*2 -> 0 | I66: pcs | J66: auto (based on formula) | N66: Bahan pondasi tiang | O66: =SUM(P66:T66) -> 0 | P66: =SUM(P53:P56) -> 0 | Q66: =SUM(Q53:Q56) -> 0 | R66: =SUM(R53:R56) -> 0 | S66: =SUM(S53:S56) -> 0 | T66: =SUM(T53:T56) -> 0 | U66: units | V66: qty based on design
B67: 8. Bahan Pondasi tiang | C67: =SUM(D67:H67) -> 0 | D67: =SUM(D53:D58) -> 0 | E67: =SUM(E53:E58) -> 0 | F67: =SUM(F53:F58) -> 0 | G67: =SUM(G53:G58) -> 0 | H67: =SUM(H53:H58) -> 0 | I67: pcs | J67: auto (based on formula) | M67: Trenching | N67: Pekerjaan Trenching 150cm depth | U67: meter
B68: 5. Clamp 8 (Clamp Gantung) | C68: =SUM(D68:H68) -> 0 | D68: 0 | E68: 0 | F68: 0 | G68: 0 | H68: 0 | I68: pcs | J68: qty based on design (untuk implementasi long span, diinstal per 2 m) | N68: Boring manual 150cm | U68: meter
B69: 6. Pole clamp single | C69: =SUM(D69:H69) -> 0 | D69: =SUM(D53:D61)-D64 -> 0 | E69: =SUM(E53:E61)-E64 -> 0 | F69: =SUM(F53:F61)-F64 -> 0 | G69: =SUM(G53:G61)-G64 -> 0 | H69: =SUM(H53:H61)-H64 -> 0 | I69: pcs | J69: auto (based on formula) | N69: Boring manual Crossing | U69: meter
B70: 9. Steel clamp | C70: =SUM(D70:H70) -> 0 | D70: =D64 -> 0 | E70: =E64 -> 0 | F70: =F64 -> 0 | G70: =G64 -> 0 | H70: =H64 -> 0 | I70: pcs | J70: auto (based on formula) | M70: Subduct | N70: Sub Duct / HDPE 40/34 warna Ungu, 3 Strip Putih | O70: =SUM(P70:T70) -> 0 | P70: 0 | Q70: 0 | R70: 0 | S70: 0 | T70: 0 | U70: meter
B71: 13. HELICAL DEAD END DIAMETER 15.7-17.0 MM | C71: =SUM(D71:H71) -> 0 | D71: 0 | E71: 0 | F71: 0 | G71: 0 | H71: 0 | I71: pcs | J71: qty based on design | N71: Toleransi panjang Sub Duct 40/34 | O71: =SUM(P71:T71) -> 0 | P71: =ROUNDUP((P70*10%)+P70,0) -> 0 | Q71: =ROUNDUP((Q70*10%)+Q70,0) -> 0 | R71: =ROUNDUP((R70*10%)+R70,0) -> 0 | S71: =ROUNDUP((S70*10%)+S70,0) -> 0 | T71: =ROUNDUP((T70*10%)+T70,0) -> 0 | U71: meter
B72: 14. Extention Arm | C72: =SUM(D72:H72) -> 0 | D72: 0 | E72: 0 | F72: 0 | G72: 0 | H72: 0 | I72: pcs | J72: qty based on design | M72: Total Concrete HH | N72: FDT : 80 x 80 x 130 cm | U72: meter
A73: Splicing | B73: at FDT | C73: =SUM(D73:H73) -> 0 | D73: =D74 -> 0 | E73: =E74 -> 0 | F73: =F74 -> 0 | G73: =G74 -> 0 | H73: =H74 -> 0 | I73: core | J73: auto (based on formula) | M73: Socket HDPE | N73: Socket HDPE 40/34 | O73: =SUM(P73:T73) -> 0 | P73: =IF(P71>200,(P70/200),(P691)) -> 0 | Q73: =IF(Q71>200,(Q70/200),(Q691)) -> 0 | R73: =IF(R71>200,(R70/200),(R691)) -> 0 | S73: =IF(S71>200,(S70/200),(S691)) -> 0 | T73: =IF(T71>200,(T70/200),(T691)) -> 0 | U73: pcs | V73: qty based on design
B74: at FAT | C74: =SUM(D74:H74) -> 0 | D74: =SUM(D36:D39) -> 0 | E74: =SUM(E36:E39) -> 0 | F74: =SUM(F36:F39) -> 0 | G74: =SUM(G36:G39) -> 0 | H74: =SUM(H36:H39) -> 0 | I74: core | J74: auto (based on formula) | M74: Total Concrete HH | N74: FDT : 80 x 80 x 130 cm | U74: meter | V74: qty based on design
C75: =SUM(D75:H75) -> 0 | M75: Warning tape | N75: (Tulisan KABEL MY REPUBLIC) | U75: meter
A76: 10. Testcom FAT | B76: Total FAT | C76: =SUM(D76:H76) -> 0 | D76: =D35 -> 0 | E76: =E35 -> 0 | F76: =F35 -> 0 | G76: =G35 -> 0 | H76: =H35 -> 0 | J76: auto (based on formula) | M76: Galvanize pipe (diameter 2 inch) | N76: riser pipe | O76: =SUM(P76:T76) -> 0 | P76: 0 | Q76: 0 | R76: 0 | S76: 0 | T76: 0 | U76: meter
A77: 11. Testcom FDT | B77: Total FDT | C77: =SUM(D77:H77) -> 0 | D77: =D34 -> 0 | E77: =E34 -> 0 | F77: =F34 -> 0 | G77: =G34 -> 0 | H77: =H34 -> 0 | J77: auto (based on formula) | M77: Galvanize pipe (diameter 3 inch) | N77: riser pipe | O77: =SUM(P77:T77) -> 0 | P77: 0 | Q77: 0 | R77: 0 | S77: 0 | T77: 0 | U77: meter
C78: =SUM(D78:H78) -> 0
A79: Survey and Design | B79: Total rute survey | C79: =SUM(D79:H79) -> 0 | D79: =SUM(D28:D29)+D81 -> 0 | E79: =SUM(E28:E29) -> 0 | F79: =SUM(F28:F29) -> 0 | G79: =SUM(G28:G29) -> 0 | H79: =SUM(H28:H29) -> 0 | I79: m | J79: auto (based on formula)
A80: Project Management | C80: =SUM(D80:H80) -> 0 | D80: =D79 -> 0 | E80: =E79 -> 0 | F80: =F79 -> 0 | G80: =G79 -> 0 | H80: =H79 -> 0 | I80: m | J80: auto (based on formula)
B81: Cable Looping/Tektok | C81: =SUM(D81:H81) -> 0 | D81: 0 | E81: 0 | F81: 0 | G81: 0 | H81: 0 | I81: m | J81: qty based on design
C82: =SUM(D82:H82) -> 0
A83: Pekerjaan Galian | B83: Pekerjaan Trenching 30-80 cm | C83: =SUM(D83:H83) -> 0 | I83: meter | J83: qty based on design
B84: Boring manual 150cm | C84: =SUM(D84:H84) -> 0 | I84: meter | J84: qty based on design
B85: Boring manual Crossing | C85: =SUM(D85:H85) -> 0 | I85: meter | J85: qty based on design
B86: Sub Duct / HDPE 32/28 warna hitam, 3 strip ungu | C86: =SUM(D86:H86) -> 0 | I86: m | J86: qty based on design
B87: Sub Duct / HDPE 40/34 warna Ungu, 3 Strip Putih | C87: =SUM(D87:H87) -> 0 | I87: m | J87: qty based on design
A88: Toleransi | C88: =SUM(D88:H88) -> 0
B89: Sub Duct / HDPE 32/28 warna hitam, 3 strip ungu | C89: =SUM(D89:H89) -> 0 | D89: =ROUNDUP((D86*10%)+D86,0) -> 0 | E89: =ROUNDUP((E86*10%)+E86,0) -> 0 | F89: =ROUNDUP((F86*10%)+F86,0) -> 0 | G89: =ROUNDUP((G86*10%)+G86,0) -> 0 | H89: =ROUNDUP((H86*10%)+H86,0) -> 0 | I89: m | J89: auto (based on formula)
B90: Sub Duct / HDPE 40/34 warna Ungu, 3 Strip Putih | C90: =SUM(D90:H90) -> 0 | D90: =ROUNDUP((D87*10%)+D87,0) -> 0 | E90: =ROUNDUP((E87*10%)+E87,0) -> 0 | F90: =ROUNDUP((F87*10%)+F87,0) -> 0 | G90: =ROUNDUP((G87*10%)+G87,0) -> 0 | H90: =ROUNDUP((H87*10%)+H87,0) -> 0 | I90: m | J90: auto (based on formula)
A91: Socket HDPE | B91: Socket HDPE 32/28 | C91: =SUM(D91:H91) -> 0 | D91: =D89/200 -> 0 | E91: =E89/200 -> 0 | F91: =F89/200 -> 0 | G91: =G89/200 -> 0 | H91: =H89/200 -> 0 | I91: pcs | J91: auto (based on formula)
B92: Socket HDPE 40/34 | C92: =SUM(D92:H92) -> 0 | D92: =D90/200 -> 0 | E92: =E90/200 -> 0 | F92: =F90/200 -> 0 | G92: =G90/200 -> 0 | H92: =H90/200 -> 0 | I92: pcs | J92: auto (based on formula)
A93: Total Precast HH | B93: FDT : 80 x 80 x 130 cm | C93: =SUM(D93:H93) -> 0 | I93: unit | J93: qty based on design
B94: FAT : 40 x 40 x 60 cm | C94: =SUM(D94:H94) -> 0 | I94: unit | J94: qty based on design
B95: HH pit : 20x20x20 cm | C95: =SUM(D95:H95) -> 0 | I95: unit | J95: qty based on design
B96: Underground Pedestal SPH920 | C96: =SUM(D96:H96) -> 0 | I96: unit | J96: qty based on design
A97: Total Concrete HH | B97: FDT : 80 x 80 x 130 cm | C97: =SUM(D97:H97) -> 0 | I97: meter | J97: qty based on design
B98: FAT : 40 x 40 x 60 cm | C98: =SUM(D98:H98) -> 0 | I98: meter | J98: qty based on design
B99: HH pit : 20x20x20 cm | C99: =SUM(D99:H99) -> 0 | I99: meter | J99: qty based on design
A100: Label HandHole | C100: =SUM(D100:H100) -> 0 | D100: =D97 -> 0 | E100: =E97 -> 0 | F100: =F97 -> 0 | G100: =G97 -> 0 | H100: =H97 -> 0 | I100: pcs | J100: auto (based on formula)
...
